"record","attack","pair_id","pair_valid","mkldnn_on_ms","mkldnn_off_ms","delta_off_minus_on_ms","n","sign_test_p","source"
"cell_pair","PGD","r0_pgd_p0","True","42.5766","36.3341","-6.2426","","","accel_phase1d3_mkldnn_b1_20260927_135420/paired_comparisons.csv"
"cell_pair","PGD","r0_pgd_p1","True","42.5585","36.2969","-6.2616","","","accel_phase1d3_mkldnn_b1_20260927_135420/paired_comparisons.csv"
"cell_pair","BIM","r0_bim_p0","True","43.8284","37.5801","-6.2483","","","accel_phase1d3_mkldnn_b1_20260927_135420/paired_comparisons.csv"
"cell_pair","BIM","r0_bim_p1","True","43.8394","37.6588","-6.1806","","","accel_phase1d3_mkldnn_b1_20260927_135420/paired_comparisons.csv"
"cell_pair","BIM","r1_bim_p0","True","43.8514","37.6258","-6.2256","","","accel_phase1d3_mkldnn_b1_20260927_135420/paired_comparisons.csv"
"cell_pair","BIM","r1_bim_p1","True","43.7619","37.5786","-6.1833","","","accel_phase1d3_mkldnn_b1_20260927_135420/paired_comparisons.csv"
"cell_pair","PGD","r1_pgd_p0","True","42.4680","36.2752","-6.1928","","","accel_phase1d3_mkldnn_b1_20260927_135420/paired_comparisons.csv"
"cell_pair","PGD","r1_pgd_p1","True","42.5522","36.3414","-6.2108","","","accel_phase1d3_mkldnn_b1_20260927_135420/paired_comparisons.csv"
"cell_pair","PGD","r2_pgd_p0","True","42.4970","36.3720","-6.1250","","","accel_phase1d3_mkldnn_b1_20260927_135420/paired_comparisons.csv"
"cell_pair","PGD","r2_pgd_p1","True","42.6354","36.4296","-6.2058","","","accel_phase1d3_mkldnn_b1_20260927_135420/paired_comparisons.csv"
"cell_pair","BIM","r2_bim_p0","True","43.8603","37.6649","-6.1954","","","accel_phase1d3_mkldnn_b1_20260927_135420/paired_comparisons.csv"
"cell_pair","BIM","r2_bim_p1","True","43.8287","37.7127","-6.1159","","","accel_phase1d3_mkldnn_b1_20260927_135420/paired_comparisons.csv"
"cell_pair","BIM","r3_bim_p0","True","43.9069","37.6018","-6.3051","","","accel_phase1d3_mkldnn_b1_20260927_135420/paired_comparisons.csv"
"cell_pair","BIM","r3_bim_p1","True","43.8423","37.6496","-6.1927","","","accel_phase1d3_mkldnn_b1_20260927_135420/paired_comparisons.csv"
"cell_pair","PGD","r3_pgd_p0","True","42.4642","36.2973","-6.1670","","","accel_phase1d3_mkldnn_b1_20260927_135420/paired_comparisons.csv"
"cell_pair","PGD","r3_pgd_p1","True","42.5112","36.3140","-6.1972","","","accel_phase1d3_mkldnn_b1_20260927_135420/paired_comparisons.csv"
"pooled_median","PGD","","","42.5346","36.3326","-6.2015","2112/2112 calls; 8 pairs","0.007813","accel_phase1d3_mkldnn_b1_20260927_135420/validation.json"
"pooled_median","BIM","","","43.8391","37.6268","-6.1940","2112/2112 calls; 8 pairs","0.007813","accel_phase1d3_mkldnn_b1_20260927_135420/validation.json"
