"backend","defense","clean_degradation_pct","recovery_pct","retention_pct","retention_nodef_pct","retention_gain_pp","source"
"CPU","topk10","63.33","27.00","30.91","32.72","-1.80","adaptive_k_effectiveness_20260927_164906/defense_summary.csv (scope=overall)"
"CPU","topk20","32.82","26.34","43.32","32.72","10.60","adaptive_k_effectiveness_20260927_164906/defense_summary.csv (scope=overall)"
"CPU","topk30","23.65","26.96","46.17","32.72","13.45","adaptive_k_effectiveness_20260927_164906/defense_summary.csv (scope=overall)"
"CPU","topk40","12.71","27.27","48.72","32.72","16.01","adaptive_k_effectiveness_20260927_164906/defense_summary.csv (scope=overall)"
"CPU","adaptive_k_v2","5.24","27.08","49.57","32.72","16.85","adaptive_k_effectiveness_20260927_164906/defense_summary.csv (scope=overall)"
"Hailo-8","topk10","65.97","22.24","32.65","48.34","-15.69","adaptive_k_hailo_paired_20260928/defense_summary_paired.csv (scope=overall, hailo_*)"
"Hailo-8","topk20","33.36","19.24","46.31","48.34","-2.03","adaptive_k_hailo_paired_20260928/defense_summary_paired.csv (scope=overall, hailo_*)"
"Hailo-8","topk30","24.63","20.24","49.73","48.34","1.39","adaptive_k_hailo_paired_20260928/defense_summary_paired.csv (scope=overall, hailo_*)"
"Hailo-8","topk40","13.23","21.17","53.29","48.34","4.95","adaptive_k_hailo_paired_20260928/defense_summary_paired.csv (scope=overall, hailo_*)"
"Hailo-8","adaptive_k_v2","4.91","14.11","51.50","48.34","3.16","adaptive_k_hailo_paired_20260928/defense_summary_paired.csv (scope=overall, hailo_*)"
