backend,profile,attack,attack_profile,n,n_clean_correct,n_attacked_correct,n_attack_success,mean_linf,mean_l2,clean_acc_pct,attacked_acc_pct,cond_asr_pct,cond_asr_ci95_lo_pct,cond_asr_ci95_hi_pct
CPU,fgsm/eps0.005,fgsm,eps0.005,2200,1298,1211,219,0.00015639320481564134,0.002496710667831096,59.0,55.04545454545454,16.87211093990755,14.933126462448856,19.006609370236163
CPU,fgsm/eps0.01,fgsm,eps0.01,2200,1298,1081,408,0.00031278431989692127,0.00499269842276006,59.0,49.13636363636364,31.432973805855163,28.965270821161976,34.01025554087778
CPU,fgsm/eps0.03,fgsm,eps0.03,2200,1298,713,839,0.0009383489932620986,0.014968254993542643,59.0,32.40909090909091,64.63790446841294,61.997244617662986,67.19217443301109
CPU,fgsm/eps0.05,fgsm,eps0.05,2200,1298,525,1035,0.0015639149223781888,0.02492588172285728,59.0,23.863636363636363,79.73805855161787,77.46505620060856,81.8355530286556
CPU,bim/eps0.03_default,bim,eps0.03_default,2200,1298,529,1055,0.0009383489427801818,0.013554221399932712,59.0,24.045454545454543,81.2788906009245,79.06557704089484,83.30760261475606
CPU,pgd/eps0.005,pgd,eps0.005,2200,1298,1186,249,0.00015639318335156638,0.0024130184648409833,59.0,53.90909090909091,19.183359013867488,17.133467214575486,21.41512425768965
CPU,pgd/eps0.01,pgd,eps0.01,2200,1298,1027,471,0.00031278427190205874,0.00473037450246254,59.0,46.68181818181818,36.28659476117103,33.714794203547015,38.93932900161098
CPU,pgd/eps0.03,pgd,eps0.03,2200,1298,534,1044,0.0009383489224075002,0.013413663687480735,59.0,24.272727272727273,80.43143297380585,78.18465299954246,82.49861292159571
CPU,mifgsm/eps0.03_default,mifgsm,eps0.03_default,2200,1298,558,1030,0.0009383489652430475,0.01411243914626534,59.0,25.363636363636367,79.35285053929123,77.06571482889153,81.46675179377594
CPU,difgsm/eps0.03_default,difgsm,eps0.03_default,2200,1298,597,971,0.000938348965216589,0.014169759949965523,59.0,27.136363636363637,74.80739599383666,72.37482797399646,77.09355589083012
CPU,vmifgsm/eps0.03_default,vmifgsm,eps0.03_default,2200,1298,545,1039,0.0009383489611155954,0.014231084626040965,59.0,24.772727272727273,80.0462249614792,77.78475122117824,82.13037209336326
CPU,vnifgsm/eps0.03_default,vnifgsm,eps0.03_default,2200,1298,556,1033,0.0009383489665130326,0.014299858232790725,59.0,25.272727272727273,79.58397534668721,77.30528297618847,81.68806921043699
CPU,rfgsm/eps0.03_default,rfgsm,eps0.03_default,2200,1298,539,1045,0.0009383489253443415,0.013463722879532677,59.0,24.5,80.50847457627118,78.26467164194256,82.57222280051496
CPU,tpgd/eps0.03_default,tpgd,eps0.03_default,2200,1298,854,616,0.0009383489289690905,0.013363341334995511,59.0,38.81818181818182,47.45762711864407,44.75252469319492,50.17773410326697
CPU,cw/c1_steps20_lr0.01,cw,c1_steps20_lr0.01,2200,1298,420,1185,0.0006234494668949686,0.006828987599796814,59.0,19.090909090909093,91.29429892141756,89.63616089197929,92.70872653518542
CPU,deepfool/package_default,deepfool,package_default,2200,1298,323,1279,0.001382522093600398,0.006046835408879787,59.0,14.681818181818182,98.5362095531587,97.72504702275208,99.06092140843033
CPU,fab/eps0.005,fab,eps0.005,2200,1298,1180,252,2.2203485772144007e-05,0.0003396511918949676,59.0,53.63636363636364,19.41448382126348,17.354180215390286,21.65529682083286
CPU,fab/eps0.01,fab,eps0.01,2200,1298,1027,471,6.809601118219224e-05,0.0010090304597643234,59.0,46.68181818181818,36.28659476117103,33.714794203547015,38.93932900161098
CPU,fab/eps0.03,fab,eps0.03,2200,1298,568,1030,0.0002679994512684387,0.0037823234405351697,59.0,25.818181818181817,79.35285053929123,77.06571482889153,81.46675179377594
CPU,square/eps0.03_default,square,eps0.03_default,2200,1298,484,1088,0.0008547136514772606,0.013638256055129016,59.0,22.0,83.82126348228043,81.71852835339885,85.72439250579016
CPU,apgd/eps0.03_default,apgd,eps0.03_default,2200,1298,517,1068,0.000850416494729164,0.012312606224008048,59.0,23.5,82.28043143297381,80.10878325607388,84.2615671767284
CPU,apgdt/eps0.03_default,apgdt,eps0.03_default,2200,1298,476,1094,0.0008623467493055736,0.011174293861228757,59.0,21.636363636363637,84.28351309707242,82.20267110658956,86.16202088051548
CPU,autoattack/eps0.03_standard,autoattack,eps0.03_standard,2200,1298,470,1114,0.0008689401772227311,0.012601254324518047,59.0,21.363636363636363,85.82434514637904,83.82092617946012,87.61633623403166
CPU,ead/package_default,ead,package_default,2200,1298,328,1298,0.0022361608110738175,0.005697057462772418,59.0,14.909090909090908,100.0,99.70491033624982,100.0
NPU,fgsm/eps0.005,fgsm,eps0.005,2200,1202,1120,179,0.00015639320481564134,0.002496710667831096,54.63636363636364,50.90909090909091,14.891846921797006,12.991164506443193,17.01622618235043
NPU,fgsm/eps0.01,fgsm,eps0.01,2200,1202,996,336,0.00031278431989692127,0.00499269842276006,54.63636363636364,45.27272727272727,27.953410981697168,25.489674729347094,30.55762037143563
NPU,fgsm/eps0.03,fgsm,eps0.03,2200,1202,661,703,0.0009383489932620986,0.014968254993542643,54.63636363636364,30.045454545454547,58.48585690515807,55.677477056731426,61.24016784787296
NPU,fgsm/eps0.05,fgsm,eps0.05,2200,1202,500,863,0.0015639149223781888,0.02492588172285728,54.63636363636364,22.727272727272727,71.79700499168054,69.18674309694353,74.26838401096184
NPU,bim/eps0.03_default,bim,eps0.03_default,2200,1202,518,841,0.0009383489427801818,0.013554221399932712,54.63636363636364,23.545454545454543,69.9667221297837,67.31496262003222,72.49126068491928
NPU,pgd/eps0.005,pgd,eps0.005,2200,1202,1109,192,0.00015639317975327463,0.002412630980781398,54.63636363636364,50.409090909090914,15.973377703826955,14.011097092111314,18.152464025700514
NPU,pgd/eps0.01,pgd,eps0.01,2200,1202,951,387,0.00031278428241912436,0.004729170780417205,54.63636363636364,43.22727272727273,32.196339434276204,29.615262913926593,34.89085463915833
NPU,pgd/eps0.03,pgd,eps0.03,2200,1202,536,827,0.0009383489170629795,0.013412595401221666,54.63636363636364,24.363636363636363,68.80199667221298,66.12639178514434,71.35780182701833
NPU,mifgsm/eps0.03_default,mifgsm,eps0.03_default,2200,1202,533,824,0.0009383489652430475,0.01411243914626534,54.63636363636364,24.227272727272727,68.55241264559068,65.8719495259442,71.11466629490654
NPU,difgsm/eps0.03_default,difgsm,eps0.03_default,2200,1202,570,782,0.000938348965216589,0.014169759949965523,54.63636363636364,25.90909090909091,65.05823627287853,62.31870695198941,67.70181979049484
NPU,vmifgsm/eps0.03_default,vmifgsm,eps0.03_default,2200,1202,538,825,0.0009383489643170165,0.014227404008111443,54.63636363636364,24.454545454545453,68.63560732113145,65.95675386569482,71.19572121892656
NPU,vnifgsm/eps0.03_default,vnifgsm,eps0.03_default,2200,1202,534,825,0.0009383489684444686,0.014300844396718476,54.63636363636364,24.272727272727273,68.63560732113145,65.95675386569482,71.19572121892656
NPU,rfgsm/eps0.03_default,rfgsm,eps0.03_default,2200,1202,519,841,0.0009383489251591352,0.01347572777843606,54.63636363636364,23.59090909090909,69.9667221297837,67.31496262003222,72.49126068491928
NPU,tpgd/eps0.03_default,tpgd,eps0.03_default,2200,1202,807,519,0.0009383489291013814,0.01338789297437121,54.63636363636364,36.68181818181818,43.17803660565724,40.40392174364389,45.99561862716434
NPU,cw/c1_steps20_lr0.01,cw,c1_steps20_lr0.01,2200,1202,566,787,0.0006234494668949686,0.006828987599796814,54.63636363636364,25.727272727272727,65.47420965058237,62.74085812062463,68.10896494071278
NPU,deepfool/package_default,deepfool,package_default,2200,1202,689,625,0.001382522093600398,0.006046835408879787,54.63636363636364,31.318181818181817,51.99667221297837,49.17039957409007,54.81022275640507
NPU,fab/eps0.005,fab,eps0.005,2200,1202,1160,95,2.2203485772144007e-05,0.0003396511918949676,54.63636363636364,52.72727272727272,7.903494176372712,6.508914820522521,9.566297711538073
NPU,fab/eps0.01,fab,eps0.01,2200,1202,1074,208,6.809601118219224e-05,0.0010090304597643234,54.63636363636364,48.81818181818181,17.304492512479204,15.270950987460877,19.54635835068105
NPU,fab/eps0.03,fab,eps0.03,2200,1202,835,464,0.0002679994512684387,0.0037823234405351697,54.63636363636364,37.95454545454545,38.60232945091514,35.890546594675236,41.38673426874828
NPU,square/eps0.03_default,square,eps0.03_default,2200,1202,657,681,0.0008547136514772606,0.013638256055129016,54.63636363636364,29.863636363636363,56.65557404326124,53.837248812238634,59.43149228941187
NPU,apgd/eps0.03_default,apgd,eps0.03_default,2200,1202,517,843,0.000850416494729164,0.012312606224008048,54.63636363636364,23.5,70.13311148086522,67.48491853280318,72.6530232996896
NPU,apgdt/eps0.03_default,apgdt,eps0.03_default,2200,1202,496,852,0.0008623467493055736,0.011174293861228757,54.63636363636364,22.545454545454547,70.88186356073211,68.2502252116895,73.38044999473895
NPU,autoattack/eps0.03_standard,autoattack,eps0.03_standard,2200,1202,485,869,0.0008688213883115536,0.012599492530681019,54.63636363636364,22.045454545454547,72.29617304492513,69.69811299534133,74.75216969518785
NPU,ead/package_default,ead,package_default,2200,1202,784,532,0.0022361608110738175,0.005697057462772418,54.63636363636364,35.63636363636364,44.259567387687184,41.47430137049624,47.08140942933021
