backend,modulation,profile,attack,attack_profile,n,n_clean_correct,n_attacked_correct,n_attack_success,mean_linf,mean_l2,clean_acc_pct,attacked_acc_pct,cond_asr_pct,cond_asr_ci95_lo_pct,cond_asr_ci95_hi_pct
CPU,8PSK,fgsm/eps0.005,fgsm,eps0.005,200,106,104,10,0.00015742977484473598,0.002512333255144718,53.0,52.0,9.433962264150944,5.205194116058447,16.500243532337063
CPU,8PSK,fgsm/eps0.01,fgsm,eps0.01,200,106,93,23,0.0003148574173973865,0.005023955466458526,53.0,46.5,21.69811320754717,14.916154641951037,30.45973208948769
CPU,8PSK,fgsm/eps0.03,fgsm,eps0.03,200,106,30,86,0.0009445684289675641,0.015061388178728471,53.0,15.0,81.13207547169812,72.64572909225124,87.44079550316617
CPU,8PSK,fgsm/eps0.05,fgsm,eps0.05,200,106,17,103,0.0015742806356865418,0.02507973526604469,53.0,8.5,97.16981132075472,92.00729964539735,99.0328891355381
CPU,8PSK,bim/eps0.03_default,bim,eps0.03_default,200,106,15,105,0.0009445683567900635,0.013741913586854887,53.0,7.5,99.05660377358491,94.848519210622,99.83327712155085
CPU,8PSK,pgd/eps0.005,pgd,eps0.005,200,106,102,12,0.00015742974224844698,0.0024303061177487883,53.0,51.0,11.320754716981133,6.595616916206086,18.751428283426836
CPU,8PSK,pgd/eps0.01,pgd,eps0.01,200,106,89,28,0.00031485736035387747,0.004768149488372682,53.0,44.5,26.41509433962264,18.953748624976914,35.52615698455535
CPU,8PSK,pgd/eps0.03,pgd,eps0.03,200,106,15,103,0.0009445683352532291,0.013572488431818734,53.0,7.5,97.16981132075472,92.00729964539735,99.0328891355381
CPU,8PSK,mifgsm/eps0.03_default,mifgsm,eps0.03_default,200,106,12,104,0.000944568366394329,0.01423171595670278,53.0,6.0,98.11320754716981,93.37994255846299,99.48104999809118
CPU,8PSK,difgsm/eps0.03_default,difgsm,eps0.03_default,200,106,17,101,0.0009445683765806695,0.014300596066750534,53.0,8.5,95.28301886792453,89.42995856883567,97.96862266086237
CPU,8PSK,vmifgsm/eps0.03_default,vmifgsm,eps0.03_default,200,106,13,104,0.0009445683774537855,0.014354465072974509,53.0,6.5,98.11320754716981,93.37994255846299,99.48104999809118
CPU,8PSK,vnifgsm/eps0.03_default,vnifgsm,eps0.03_default,200,106,17,104,0.0009445683847297415,0.014424989246763241,53.0,8.5,98.11320754716981,93.37994255846299,99.48104999809118
CPU,8PSK,rfgsm/eps0.03_default,rfgsm,eps0.03_default,200,106,16,105,0.0009445683562079875,0.013689091443084134,53.0,8.0,99.05660377358491,94.848519210622,99.83327712155085
CPU,8PSK,tpgd/eps0.03_default,tpgd,eps0.03_default,200,106,58,56,0.0009445683771627466,0.013489707363769364,53.0,28.999999999999996,52.83018867924528,43.39500438390183,62.06740694295429
CPU,8PSK,cw/c1_steps20_lr0.01,cw,c1_steps20_lr0.01,200,106,12,106,0.0005980293750325881,0.006752931951670995,53.0,6.0,100.0,96.50260010779157,99.99999999999997
CPU,8PSK,deepfool/package_default,deepfool,package_default,200,106,12,106,0.0011435296271519694,0.005126461119580147,53.0,6.0,100.0,96.50260010779157,99.99999999999997
CPU,8PSK,fab/eps0.005,fab,eps0.005,200,106,99,13,2.287829833221079e-05,0.0003484302849180897,53.0,49.5,12.264150943396226,7.309052037980972,19.85879693727066
CPU,8PSK,fab/eps0.01,fab,eps0.01,200,106,85,30,7.345099060329145e-05,0.0010889928942533506,53.0,42.5,28.30188679245283,20.602338401321436,37.519174759448234
CPU,8PSK,fab/eps0.03,fab,eps0.03,200,106,16,103,0.00032271151372693333,0.004598790579083012,53.0,8.0,97.16981132075472,92.00729964539735,99.0328891355381
CPU,8PSK,square/eps0.03_default,square,eps0.03_default,200,106,14,105,0.0009249669770360421,0.014755088824636484,53.0,7.000000000000001,99.05660377358491,94.848519210622,99.83327712155085
CPU,8PSK,apgd/eps0.03_default,apgd,eps0.03_default,200,106,13,105,0.000941030244866802,0.013714637558861199,53.0,6.5,99.05660377358491,94.848519210622,99.83327712155085
CPU,8PSK,apgdt/eps0.03_default,apgdt,eps0.03_default,200,106,20,104,0.000937434886582145,0.012014299344112314,53.0,10.0,98.11320754716981,93.37994255846299,99.48104999809118
CPU,8PSK,autoattack/eps0.03_standard,autoattack,eps0.03_standard,200,106,13,105,0.0009410302405012255,0.013724820560729623,53.0,6.5,99.05660377358491,94.848519210622,99.83327712155085
CPU,8PSK,ead/package_default,ead,package_default,200,106,18,106,0.002128643706673707,0.005011357945222652,53.0,9.0,100.0,96.50260010779157,99.99999999999997
CPU,8PSK,ALL/ALL_24,ALL,ALL_24,4800,2544,900,1927,0.0007939031729407509,0.010159026916845164,53.0,18.75,75.74685534591194,74.04326435968702,77.37280483393944
CPU,AM-DSB,fgsm/eps0.005,fgsm,eps0.005,200,130,114,27,0.0001355042411887241,0.0021634314878610375,65.0,56.99999999999999,20.76923076923077,14.684660487829596,28.531798371000537
CPU,AM-DSB,fgsm/eps0.01,fgsm,eps0.01,200,130,99,49,0.000271006746770533,0.004326403293525751,65.0,49.5,37.69230769230769,29.82769881529427,46.263441756844735
CPU,AM-DSB,fgsm/eps0.03,fgsm,eps0.03,200,130,48,106,0.0008130168734350655,0.012971319875214202,65.0,24.0,81.53846153846153,73.99800318075413,87.26844910313967
CPU,AM-DSB,fgsm/eps0.05,fgsm,eps0.05,200,130,35,115,0.0013550281219067485,0.02160265629179771,65.0,17.5,88.46153846153845,81.83348986168332,92.88169585038227
CPU,AM-DSB,bim/eps0.03_default,bim,eps0.03_default,200,130,25,129,0.0008130168239585535,0.011813985507469576,65.0,12.5,99.23076923076923,95.77135163674926,99.86408607469473
CPU,AM-DSB,pgd/eps0.005,pgd,eps0.005,200,130,114,29,0.00013550421477699818,0.0020866714540169994,65.0,56.99999999999999,22.30769230769231,16.004839200095862,30.200227087216902
CPU,AM-DSB,pgd/eps0.01,pgd,eps0.01,200,130,91,58,0.0002710066779399735,0.004095506239682386,65.0,45.5,44.61538461538462,36.34686477864737,53.193009221663445
CPU,AM-DSB,pgd/eps0.03,pgd,eps0.03,200,130,25,129,0.0008130168399656609,0.011668469971045804,65.0,12.5,99.23076923076923,95.77135163674926,99.86408607469473
CPU,AM-DSB,mifgsm/eps0.03_default,mifgsm,eps0.03_default,200,130,29,127,0.0008130168457864271,0.012264623786322726,65.0,14.499999999999998,97.6923076923077,93.43469804875119,99.21213223421016
CPU,AM-DSB,difgsm/eps0.03_default,difgsm,eps0.03_default,200,130,14,127,0.000813016860338341,0.01228435149649153,65.0,7.000000000000001,97.6923076923077,93.43469804875119,99.21213223421016
CPU,AM-DSB,vmifgsm/eps0.03_default,vmifgsm,eps0.03_default,200,130,27,128,0.0008130168396746219,0.012360667460598003,65.0,13.5,98.46153846153847,94.56404572030684,99.57708827689584
CPU,AM-DSB,vnifgsm/eps0.03_default,vnifgsm,eps0.03_default,200,130,28,127,0.0008130168472416185,0.012379239145666313,65.0,14.000000000000002,97.6923076923077,93.43469804875119,99.21213223421016
CPU,AM-DSB,rfgsm/eps0.03_default,rfgsm,eps0.03_default,200,130,26,128,0.0008130168111528669,0.011718137704301574,65.0,13.0,98.46153846153847,94.56404572030684,99.57708827689584
CPU,AM-DSB,tpgd/eps0.03_default,tpgd,eps0.03_default,200,130,71,77,0.0008130168024217195,0.011692967501003246,65.0,35.5,59.23076923076923,50.636296660837296,67.29534791005845
CPU,AM-DSB,cw/c1_steps20_lr0.01,cw,c1_steps20_lr0.01,200,130,28,129,0.0004492909906547955,0.0046827047970802544,65.0,14.000000000000002,99.23076923076923,95.77135163674926,99.86408607469473
CPU,AM-DSB,deepfool/package_default,deepfool,package_default,200,130,38,129,0.0008741545693191671,0.0038201057656101034,65.0,19.0,99.23076923076923,95.77135163674926,99.86408607469473
CPU,AM-DSB,fab/eps0.005,fab,eps0.005,200,130,118,29,2.462808653944737e-05,0.00037466850786546413,65.0,59.0,22.30769230769231,16.004839200095862,30.200227087216902
CPU,AM-DSB,fab/eps0.01,fab,eps0.01,200,130,96,58,7.124222858691144e-05,0.0010575492879870655,65.0,48.0,44.61538461538462,36.34686477864737,53.193009221663445
CPU,AM-DSB,fab/eps0.03,fab,eps0.03,200,130,41,125,0.0002428578515536705,0.0033936360000701533,65.0,20.5,96.15384615384616,91.31204109992453,98.34618175455421
CPU,AM-DSB,square/eps0.03_default,square,eps0.03_default,200,130,17,130,0.0008004581640124735,0.01278039059607742,65.0,8.5,100.0,97.1297414256853,100.0
CPU,AM-DSB,apgd/eps0.03_default,apgd,eps0.03_default,200,130,23,130,0.0008130168268689366,0.011857791002839756,65.0,11.5,100.0,97.1297414256853,100.0
CPU,AM-DSB,apgdt/eps0.03_default,apgdt,eps0.03_default,200,130,22,130,0.00081301666010399,0.010810293972026508,65.0,11.0,100.0,97.1297414256853,100.0
CPU,AM-DSB,autoattack/eps0.03_standard,autoattack,eps0.03_standard,200,130,23,130,0.000813016827159976,0.011830804019700688,65.0,11.5,100.0,97.1297414256853,100.0
CPU,AM-DSB,ead/package_default,ead,package_default,200,130,30,130,0.0016048148536355672,0.0035798404639171555,65.0,15.0,100.0,97.1297414256853,100.0
CPU,AM-DSB,ALL/ALL_24,ALL,ALL_24,4800,3120,1182,2476,0.0006663207752080328,0.008650675651173808,65.0,24.625,79.35897435897435,77.9031071337501,80.74263213804906
CPU,AM-SSB,fgsm/eps0.005,fgsm,eps0.005,200,186,176,20,0.00018584291741712748,0.0029656081006396084,93.0,88.0,10.75268817204301,7.069163824258172,16.02461541064082
CPU,AM-SSB,fgsm/eps0.01,fgsm,eps0.01,200,186,154,43,0.00037168350274436603,0.0059304019180126,93.0,77.0,23.118279569892472,17.640417449724787,29.684088875548504
CPU,AM-SSB,fgsm/eps0.03,fgsm,eps0.03,200,186,61,138,0.0011150458152405394,0.017780506401322737,93.0,30.5,74.19354838709677,67.46020384274594,79.94774046450812
CPU,AM-SSB,fgsm/eps0.05,fgsm,eps0.05,200,186,19,180,0.0018584095628465967,0.02961271306499834,93.0,9.5,96.7741935483871,93.14197632291011,98.51338267111439
CPU,AM-SSB,bim/eps0.03_default,bim,eps0.03_default,200,186,10,181,0.0011150457870098235,0.016353130140341773,93.0,5.0,97.31182795698925,93.86242543992567,98.84644342759337
CPU,AM-SSB,pgd/eps0.005,pgd,eps0.005,200,186,170,27,0.000185842883365646,0.002861011483473656,93.0,85.0,14.516129032258066,10.171950180324032,20.296398169036703
CPU,AM-SSB,pgd/eps0.01,pgd,eps0.01,200,186,135,61,0.00037168341397768404,0.005605807900428722,93.0,67.5,32.795698924731184,26.4564517226145,39.8312323255604
CPU,AM-SSB,pgd/eps0.03,pgd,eps0.03,200,186,9,181,0.001115045765181951,0.01607911429833616,93.0,4.5,97.31182795698925,93.86242543992567,98.84644342759337
CPU,AM-SSB,mifgsm/eps0.03_default,mifgsm,eps0.03_default,200,186,15,178,0.001115045813494308,0.016869667703285768,93.0,7.5,95.6989247311828,91.74359177855207,97.80474746848338
CPU,AM-SSB,difgsm/eps0.03_default,difgsm,eps0.03_default,200,186,23,163,0.0011150458196061155,0.016911808415315997,93.0,11.5,87.63440860215054,82.12852811536403,91.61716302925339
CPU,AM-SSB,vmifgsm/eps0.03_default,vmifgsm,eps0.03_default,200,186,12,180,0.0011150458018527765,0.017013236591592384,93.0,6.0,96.7741935483871,93.14197632291011,98.51338267111439
CPU,AM-SSB,vnifgsm/eps0.03_default,vnifgsm,eps0.03_default,200,186,10,182,0.0011150458132032715,0.017113105668686283,93.0,5.0,97.84946236559139,94.60176960216708,99.16060913884648
CPU,AM-SSB,rfgsm/eps0.03_default,rfgsm,eps0.03_default,200,186,11,180,0.0011150457421899244,0.016239318260922984,93.0,5.5,96.7741935483871,93.14197632291011,98.51338267111439
CPU,AM-SSB,tpgd/eps0.03_default,tpgd,eps0.03_default,200,186,70,119,0.001115045747719651,0.015934553006663868,93.0,35.0,63.97849462365591,56.86075360593398,70.53050310492391
CPU,AM-SSB,cw/c1_steps20_lr0.01,cw,c1_steps20_lr0.01,200,186,5,186,0.0007865574461174625,0.00874067715019914,93.0,2.5,100.0,97.9764182349917,100.0
CPU,AM-SSB,deepfool/package_default,deepfool,package_default,200,186,10,185,0.0016114524065050752,0.00744203722824745,93.0,5.0,99.46236559139786,97.01787472015778,99.90503364133939
CPU,AM-SSB,fab/eps0.005,fab,eps0.005,200,186,167,28,2.0197123449173728e-05,0.00030720293482017967,93.0,83.5,15.053763440860216,10.625089491590881,20.89676873126439
CPU,AM-SSB,fab/eps0.01,fab,eps0.01,200,186,131,64,7.405829637717497e-05,0.001089083496951739,93.0,65.5,34.40860215053764,27.958759224461893,41.489454444196625
CPU,AM-SSB,fab/eps0.03,fab,eps0.03,200,186,11,184,0.00044360614934698756,0.006202424427111814,93.0,5.5,98.9247311827957,96.16476678846998,99.70463169953267
CPU,AM-SSB,square/eps0.03_default,square,eps0.03_default,200,186,9,180,0.0010849492740816853,0.01730726974054824,93.0,4.5,96.7741935483871,93.14197632291011,98.51338267111439
CPU,AM-SSB,apgd/eps0.03_default,apgd,eps0.03_default,200,186,8,183,0.0010980771554749869,0.016281388125073338,93.0,4.0,98.38709677419355,95.3659015789476,99.44998703556051
CPU,AM-SSB,apgdt/eps0.03_default,apgdt,eps0.03_default,200,186,2,186,0.0011150454531888905,0.014043646240606857,93.0,1.0,100.0,97.9764182349917,100.0
CPU,AM-SSB,autoattack/eps0.03_standard,autoattack,eps0.03_standard,200,186,5,186,0.0011150457998155105,0.01656248881481583,93.0,2.5,100.0,97.9764182349917,100.0
CPU,AM-SSB,ead/package_default,ead,package_default,200,186,6,186,0.002499011344043487,0.006691959916060979,93.0,3.0,100.0,97.9764182349917,100.0
CPU,AM-SSB,ALL/ALL_24,ALL,ALL_24,4800,4464,1229,3401,0.0009523697847604257,0.012164090042852353,93.0,25.604166666666668,76.18727598566308,74.91558362469569,77.41393495089572
CPU,BPSK,fgsm/eps0.005,fgsm,eps0.005,200,119,115,9,0.000164204277825728,0.0026211953110759547,59.5,57.49999999999999,7.563025210084033,4.029678443426152,13.750617482383994
CPU,BPSK,fgsm/eps0.01,fgsm,eps0.01,200,119,110,17,0.000328406404878429,0.00524137924425299,59.5,55.00000000000001,14.285714285714285,9.114464131567313,21.69073540995608
CPU,BPSK,fgsm/eps0.03,fgsm,eps0.03,200,119,78,52,0.000985215077234847,0.015712455278262445,59.5,39.0,43.69747899159664,35.120830331317215,52.66832252895162
CPU,BPSK,fgsm/eps0.05,fgsm,eps0.05,200,119,56,74,0.0016420250723603604,0.026159109827130985,59.5,28.000000000000004,62.18487394957983,53.219875799818674,70.38776200366158
CPU,BPSK,bim/eps0.03_default,bim,eps0.03_default,200,119,62,70,0.000985215020482378,0.014336434793658504,59.5,31.0,58.82352941176471,49.83993017742346,67.25525581820018
CPU,BPSK,pgd/eps0.005,pgd,eps0.005,200,119,116,11,0.00016420422514779252,0.0025387105165281766,59.5,57.99999999999999,9.243697478991598,5.240003349104728,15.796518480633736
CPU,BPSK,pgd/eps0.01,pgd,eps0.01,200,119,109,20,0.00032840636122268403,0.004981877334648696,59.5,54.50000000000001,16.80672268907563,11.15123807876709,24.538300318648776
CPU,BPSK,pgd/eps0.03,pgd,eps0.03,200,119,62,69,0.0009852150056394234,0.014208401045761954,59.5,31.0,57.98319327731093,49.0013401018628,66.46573294179669
CPU,BPSK,mifgsm/eps0.03_default,mifgsm,eps0.03_default,200,119,66,67,0.000985215060645664,0.014880147371441079,59.5,33.0,56.30252100840336,47.33167747104838,64.87916966868279
CPU,BPSK,difgsm/eps0.03_default,difgsm,eps0.03_default,200,119,70,63,0.000985215066757468,0.014995712749659964,59.5,35.0,52.94117647058824,44.021971705433515,61.676423626441036
CPU,BPSK,vmifgsm/eps0.03_default,vmifgsm,eps0.03_default,200,119,64,67,0.0009852150568621665,0.014999122675508215,59.5,32.0,56.30252100840336,47.33167747104838,64.87916966868279
CPU,BPSK,vnifgsm/eps0.03_default,vnifgsm,eps0.03_default,200,119,64,68,0.000985215050168283,0.015054353103041597,59.5,32.0,57.14285714285714,48.165262171710516,65.6736979199848
CPU,BPSK,rfgsm/eps0.03_default,rfgsm,eps0.03_default,200,119,62,69,0.000985215016698881,0.014244337389245581,59.5,31.0,57.98319327731093,49.0013401018628,66.46573294179669
CPU,BPSK,tpgd/eps0.03_default,tpgd,eps0.03_default,200,119,87,40,0.000985215037653637,0.014193325131200207,59.5,43.5,33.61344537815126,25.75647533744133,42.495322099257635
CPU,BPSK,cw/c1_steps20_lr0.01,cw,c1_steps20_lr0.01,200,119,79,55,0.00046042722518902,0.005354045613032444,59.5,39.5,46.21848739495798,37.51921938244886,55.15427233371244
CPU,BPSK,deepfool/package_default,deepfool,package_default,200,119,21,115,0.0018588910219841175,0.007900018335300229,59.5,10.5,96.63865546218487,91.67502285215105,98.68524598185958
CPU,BPSK,fab/eps0.005,fab,eps0.005,200,119,114,12,1.776585524566612e-05,0.0002714468907666948,59.5,56.99999999999999,10.084033613445378,5.862971630850663,16.801663150851954
CPU,BPSK,fab/eps0.01,fab,eps0.01,200,119,109,20,5.18844610814898e-05,0.0007637947680109075,59.5,54.50000000000001,16.80672268907563,11.15123807876709,24.538300318648776
CPU,BPSK,fab/eps0.03,fab,eps0.03,200,119,60,76,0.00030831198828306224,0.004402851080674775,59.5,30.0,63.86554621848739,54.92559860401528,71.93826510339328
CPU,BPSK,square/eps0.03_default,square,eps0.03_default,200,119,48,81,0.000838460870290833,0.013374254914196864,59.5,24.0,68.0672268907563,59.23825565534712,75.76617281188224
CPU,BPSK,apgd/eps0.03_default,apgd,eps0.03_default,200,119,59,72,0.0007914920717302797,0.011544952927742564,59.5,29.5,60.50420168067227,51.52473444421884,68.8266774553331
CPU,BPSK,apgdt/eps0.03_default,apgdt,eps0.03_default,200,119,37,86,0.0008585189428412863,0.011365971538216689,59.5,18.5,72.26890756302521,63.625254255096266,79.51973897195386
CPU,BPSK,autoattack/eps0.03_standard,autoattack,eps0.03_standard,200,119,41,91,0.0008778801190782838,0.012918494500903502,59.5,20.5,76.47058823529412,68.0959482337315,83.18960975313938
CPU,BPSK,ead/package_default,ead,package_default,200,119,17,119,0.003358406358165616,0.008773094034440824,59.5,8.5,100.0,96.87272064186726,100.0
CPU,BPSK,ALL/ALL_24,ALL,ALL_24,4800,2856,1706,1423,0.0008715091936444748,0.01045147859894591,59.5,35.541666666666664,49.824929971988794,47.99262951172203,51.657700772304885
CPU,CPFSK,fgsm/eps0.005,fgsm,eps0.005,200,120,123,7,0.00014766750769917963,0.0023569590499391297,60.0,61.5,5.833333333333333,2.854064663137293,11.55272594680315
CPU,CPFSK,fgsm/eps0.01,fgsm,eps0.01,200,120,118,13,0.000295332985551744,0.004712971730623343,60.0,59.0,10.833333333333334,6.44107989410726,17.65550800527389
CPU,CPFSK,fgsm/eps0.03,fgsm,eps0.03,200,120,95,37,0.000885995291464445,0.014127544495277058,60.0,47.5,30.833333333333336,23.27261218267573,39.58316487446824
CPU,CPFSK,fgsm/eps0.05,fgsm,eps0.05,200,120,53,82,0.0014766586938639624,0.02351948723196979,60.0,26.5,68.33333333333333,59.551964654165204,75.97729207378407
CPU,CPFSK,bim/eps0.03_default,bim,eps0.03_default,200,120,81,60,0.000885995262651654,0.013033700073137833,60.0,40.5,50.0,41.1937137430229,58.8062862569771
CPU,CPFSK,pgd/eps0.005,pgd,eps0.005,200,120,124,7,0.00014766750129633664,0.002282625645166212,60.0,62.0,5.833333333333333,2.854064663137293,11.55272594680315
CPU,CPFSK,pgd/eps0.01,pgd,eps0.01,200,120,121,14,0.0002953329724550195,0.004492249863687852,60.0,60.5,11.666666666666666,7.078052921096241,18.63350119319169
CPU,CPFSK,pgd/eps0.03,pgd,eps0.03,200,120,80,58,0.0008859952152124105,0.01287655760999764,60.0,40.0,48.333333333333336,39.583489423054466,57.186578147131975
CPU,CPFSK,mifgsm/eps0.03_default,mifgsm,eps0.03_default,200,120,84,55,0.000885995265562036,0.013427160172723187,60.0,42.0,45.83333333333333,37.1859770816446,54.73919184382149
CPU,CPFSK,difgsm/eps0.03_default,difgsm,eps0.03_default,200,120,96,44,0.0008859952579950405,0.013480048011988351,60.0,48.0,36.666666666666664,28.582798260490794,45.57774230100067
CPU,CPFSK,vmifgsm/eps0.03_default,vmifgsm,eps0.03_default,200,120,86,56,0.000885995267890342,0.013533942666836035,60.0,43.0,46.666666666666664,37.98276424616983,55.55737089420304
CPU,CPFSK,vnifgsm/eps0.03_default,vnifgsm,eps0.03_default,200,120,90,50,0.000885995277494607,0.013583111921325275,60.0,45.0,41.66666666666667,33.23820653533033,50.612131315601836
CPU,CPFSK,rfgsm/eps0.03_default,rfgsm,eps0.03_default,200,120,80,59,0.000885995241987934,0.012958939266391047,60.0,40.0,49.166666666666664,40.38741586989492,57.997617915198305
CPU,CPFSK,tpgd/eps0.03_default,tpgd,eps0.03_default,200,120,102,27,0.000885995246353508,0.012829759349115143,60.0,51.0,22.5,15.94905146581338,30.75706344226275
CPU,CPFSK,cw/c1_steps20_lr0.01,cw,c1_steps20_lr0.01,200,120,30,102,0.0007891394942998413,0.00841730860505469,60.0,15.0,85.0,77.53231505975376,90.29626596633118
CPU,CPFSK,deepfool/package_default,deepfool,package_default,200,120,18,113,0.001765881961764487,0.007993578398936683,60.0,9.0,94.16666666666667,88.44727405319685,97.1459353368627
CPU,CPFSK,fab/eps0.005,fab,eps0.005,200,120,122,7,1.5778528904771586e-05,0.00024028173400552526,60.0,61.0,5.833333333333333,2.854064663137293,11.55272594680315
CPU,CPFSK,fab/eps0.01,fab,eps0.01,200,120,118,14,5.9062370419258205e-05,0.0008778033450770129,60.0,59.0,11.666666666666666,7.078052921096241,18.63350119319169
CPU,CPFSK,fab/eps0.03,fab,eps0.03,200,120,83,50,0.00023344689732764136,0.0033504256400130744,60.0,41.5,41.66666666666667,33.23820653533033,50.612131315601836
CPU,CPFSK,square/eps0.03_default,square,eps0.03_default,200,120,63,65,0.0007090009529201394,0.01130770513448776,60.0,31.5,54.166666666666664,45.26080815617851,62.81402291835539
CPU,CPFSK,apgd/eps0.03_default,apgd,eps0.03_default,200,120,83,63,0.0007018247434461593,0.010338240003917759,60.0,41.5,52.5,43.626835924004915,61.21806272071544
CPU,CPFSK,apgdt/eps0.03_default,apgdt,eps0.03_default,200,120,68,62,0.0006990853241586236,0.008816594077724234,60.0,34.0,51.66666666666667,42.81342185286803,60.416510576945534
CPU,CPFSK,autoattack/eps0.03_standard,autoattack,eps0.03_standard,200,120,75,69,0.000722459457610928,0.0106423778366128,60.0,37.5,57.49999999999999,48.55758824815893,65.97710768600213
CPU,CPFSK,ead/package_default,ead,package_default,200,120,13,120,0.0025247027998556854,0.007027514249348266,60.0,6.5,100.0,96.89797289440706,100.0
CPU,CPFSK,ALL/ALL_24,ALL,ALL_24,4800,2880,2006,1234,0.0007732083132577398,0.009426120254723154,60.0,41.791666666666664,42.84722222222222,41.050589686960095,44.66291135969932
CPU,GFSK,fgsm/eps0.005,fgsm,eps0.005,200,137,128,16,0.00014401769803949247,0.0022983442374970233,68.5,64.0,11.678832116788321,7.317839887053718,18.13032315568366
CPU,GFSK,fgsm/eps0.01,fgsm,eps0.01,200,137,113,32,0.0002880334509245075,0.004595929075730913,68.5,56.49999999999999,23.357664233576642,17.058889348268462,31.10983352906324
CPU,GFSK,fgsm/eps0.03,fgsm,eps0.03,200,137,62,88,0.0008640964730875085,0.013776769647374702,68.5,31.0,64.23357664233576,55.91976058025304,71.77092171815879
CPU,GFSK,fgsm/eps0.05,fgsm,eps0.05,200,137,49,100,0.0014401607518083855,0.02293921281117941,68.5,24.5,72.99270072992701,65.00596327063737,79.72513890372022
CPU,GFSK,bim/eps0.03_default,bim,eps0.03_default,200,137,22,127,0.0008640964224468435,0.012469631377607536,68.5,11.0,92.7007299270073,87.08486578178973,95.98718111344577
CPU,GFSK,pgd/eps0.005,pgd,eps0.005,200,137,127,18,0.0001440176706818912,0.0022271418134914216,68.5,63.5,13.138686131386862,8.474946760988773,19.8132862610729
CPU,GFSK,pgd/eps0.01,pgd,eps0.01,200,137,110,36,0.000288033428223519,0.004367845620727121,68.5,55.00000000000001,26.277372262773724,19.626567189959964,34.22229564602032
CPU,GFSK,pgd/eps0.03,pgd,eps0.03,200,137,25,126,0.0008640964064397374,0.01234222747851158,68.5,12.5,91.97080291970804,86.19431161730718,95.4577002882662
CPU,GFSK,mifgsm/eps0.03_default,mifgsm,eps0.03_default,200,137,27,123,0.00086409645766248,0.012970966440625438,68.5,13.5,89.78102189781022,83.57713302359319,93.81477391299373
CPU,GFSK,difgsm/eps0.03_default,difgsm,eps0.03_default,200,137,36,112,0.0008640964591176695,0.013058944148942781,68.5,18.0,81.75182481751825,74.44828940346623,87.32323264683708
CPU,GFSK,vmifgsm/eps0.03_default,vmifgsm,eps0.03_default,200,137,26,124,0.0008640964538789821,0.013089164050761564,68.5,13.0,90.51094890510949,84.44136105832598,94.3705808679231
CPU,GFSK,vnifgsm/eps0.03_default,vnifgsm,eps0.03_default,200,137,28,122,0.000864096451550675,0.013176109986379693,68.5,14.000000000000002,89.05109489051095,82.72010063811369,93.25177130881109
CPU,GFSK,rfgsm/eps0.03_default,rfgsm,eps0.03_default,200,137,25,124,0.000864096422446845,0.012394865460228128,68.5,12.5,90.51094890510949,84.44136105832598,94.3705808679231
CPU,GFSK,tpgd/eps0.03_default,tpgd,eps0.03_default,200,137,84,67,0.000864096380537327,0.012237391334492665,68.5,42.0,48.9051094890511,40.67917131500425,57.19077620050255
CPU,GFSK,cw/c1_steps20_lr0.01,cw,c1_steps20_lr0.01,200,137,37,118,0.0005094227007793538,0.005568717169692706,68.5,18.5,86.13138686131386,79.35336257407957,90.93836941419661
CPU,GFSK,deepfool/package_default,deepfool,package_default,200,137,15,136,0.0012366112590825177,0.0056554906601013,68.5,7.5,99.27007299270073,95.98132493989078,99.87103686230405
CPU,GFSK,fab/eps0.005,fab,eps0.005,200,137,127,18,1.874939705885022e-05,0.0002881646913357959,68.5,63.5,13.138686131386862,8.474946760988773,19.8132862610729
CPU,GFSK,fab/eps0.01,fab,eps0.01,200,137,115,35,5.4760932325722285e-05,0.0008201452140276775,68.5,57.49999999999999,25.547445255474454,18.98075374674714,33.44807409957101
CPU,GFSK,fab/eps0.03,fab,eps0.03,200,137,33,118,0.0002841849658579663,0.003928263434761702,68.5,16.5,86.13138686131386,79.35336257407957,90.93836941419661
CPU,GFSK,square/eps0.03_default,square,eps0.03_default,200,137,32,129,0.0008207787438004273,0.013093877300548729,68.5,16.0,94.16058394160584,88.90039421910836,97.01172265545142
CPU,GFSK,apgd/eps0.03_default,apgd,eps0.03_default,200,137,24,127,0.0008182129428314053,0.011827461952869465,68.5,12.0,92.7007299270073,87.08486578178973,95.98718111344577
CPU,GFSK,apgdt/eps0.03_default,apgdt,eps0.03_default,200,137,15,130,0.0008379996746952649,0.01101119423117885,68.5,7.5,94.8905109489051,89.82891450909165,97.5032373551303
CPU,GFSK,autoattack/eps0.03_standard,autoattack,eps0.03_standard,200,137,17,131,0.0008410547969105646,0.012187315479375026,68.5,8.5,95.62043795620438,90.77457553614568,97.97761131773844
CPU,GFSK,ead/package_default,ead,package_default,200,137,18,137,0.0018934771697967758,0.005171574645137246,68.5,9.0,100.0,97.27239679185695,100.0
CPU,GFSK,ALL/ALL_24,ALL,ALL_24,4800,3288,1295,2294,0.0007248493129160296,0.009229031177607436,68.5,26.979166666666664,69.76885644768856,68.1767184983751,71.31485363559393
CPU,PAM4,fgsm/eps0.005,fgsm,eps0.005,200,143,136,10,0.000176956095674493,0.0028275872312951366,71.5,68.0,6.993006993006993,3.8424681182066345,12.39380280229546
CPU,PAM4,fgsm/eps0.01,fgsm,eps0.01,200,143,128,19,0.00035390975390323,0.005654822178184936,71.5,64.0,13.286713286713287,8.673670230908652,19.820707384154108
CPU,PAM4,fgsm/eps0.03,fgsm,eps0.03,200,143,103,45,0.001061724763130714,0.016958095063455355,71.5,51.5,31.46853146853147,24.42641903306046,39.48026681073313
CPU,PAM4,fgsm/eps0.05,fgsm,eps0.05,200,143,91,57,0.001769541152752888,0.0282526237238198,71.5,45.5,39.86013986013986,32.20175729028133,48.04907081292647
CPU,PAM4,bim/eps0.03_default,bim,eps0.03_default,200,143,89,57,0.0010617247258778114,0.01540184826590116,71.5,44.5,39.86013986013986,32.20175729028133,48.04907081292647
CPU,PAM4,pgd/eps0.005,pgd,eps0.005,200,143,135,11,0.000176956085633671,0.0027322509570512415,71.5,67.5,7.6923076923076925,4.349275020912925,13.249007754540354
CPU,PAM4,pgd/eps0.01,pgd,eps0.01,200,143,127,20,0.000353909683762998,0.005365699119865842,71.5,63.5,13.986013986013987,9.239624657944672,20.616764812069277
CPU,PAM4,pgd/eps0.03,pgd,eps0.03,200,143,92,53,0.001061724699102289,0.015261174002662255,71.5,46.0,37.06293706293706,29.582198022284455,45.22058266111861
CPU,PAM4,mifgsm/eps0.03_default,mifgsm,eps0.03_default,200,143,93,54,0.0010617247459594554,0.016037307288497636,71.5,46.5,37.76223776223776,30.23457574001104,45.93021679834322
CPU,PAM4,difgsm/eps0.03_default,difgsm,eps0.03_default,200,143,109,39,0.0010617247276240404,0.016091755144298028,71.5,54.50000000000001,27.27272727272727,20.63929580358212,35.09531891050435
CPU,PAM4,vmifgsm/eps0.03_default,vmifgsm,eps0.03_default,200,143,92,55,0.0010617247395566134,0.016131511167623055,71.5,46.0,38.46153846153847,30.8886394769347,46.63816491637075
CPU,PAM4,vnifgsm/eps0.03_default,vnifgsm,eps0.03_default,200,143,90,55,0.001061724757600988,0.016214637202210672,71.5,45.0,38.46153846153847,30.8886394769347,46.63816491637075
CPU,PAM4,rfgsm/eps0.03_default,rfgsm,eps0.03_default,200,143,93,56,0.0010617247069603214,0.01528263769578184,71.5,46.5,39.16083916083916,31.54437198309632,47.3444442651603
CPU,PAM4,tpgd/eps0.03_default,tpgd,eps0.03_default,200,143,116,31,0.001061724715982508,0.01522393381688739,71.5,57.99999999999999,21.678321678321677,15.713427867091182,29.1250920073858
CPU,PAM4,cw/c1_steps20_lr0.01,cw,c1_steps20_lr0.01,200,143,13,136,0.0013700849933229128,0.01470218507619632,71.5,6.5,95.1048951048951,90.24087816159931,97.60888648275214
CPU,PAM4,deepfool/package_default,deepfool,package_default,200,143,8,142,0.003104011216782919,0.013043074620331887,71.5,4.0,99.3006993006993,96.14538318329731,99.8764525907613
CPU,PAM4,fab/eps0.005,fab,eps0.005,200,143,133,12,1.331024344835582e-05,0.00020359718255377187,71.5,66.5,8.391608391608392,4.865348029310678,14.094946601093786
CPU,PAM4,fab/eps0.01,fab,eps0.01,200,143,126,21,4.4500120930014474e-05,0.0006574221498467905,71.5,63.0,14.685314685314685,9.810008302918252,21.40839302204688
CPU,PAM4,fab/eps0.03,fab,eps0.03,200,143,97,51,0.00021285387432724143,0.002987294986131635,71.5,48.5,35.66433566433567,28.282576415035255,43.796180558465444
CPU,PAM4,square/eps0.03_default,square,eps0.03_default,200,143,96,54,0.000620478436831006,0.00990556045146759,71.5,48.0,37.76223776223776,30.23457574001104,45.93021679834322
CPU,PAM4,apgd/eps0.03_default,apgd,eps0.03_default,200,143,90,56,0.0006239302407629719,0.009072461167633012,71.5,45.0,39.16083916083916,31.54437198309632,47.3444442651603
CPU,PAM4,apgdt/eps0.03_default,apgdt,eps0.03_default,200,143,90,57,0.0006335177250002426,0.008199711141474064,71.5,45.0,39.86013986013986,32.20175729028133,48.04907081292647
CPU,PAM4,autoattack/eps0.03_standard,autoattack,eps0.03_standard,200,143,88,58,0.0006397947442746627,0.009316000001614063,71.5,44.0,40.55944055944056,32.8607806582454,48.75205929991358
CPU,PAM4,ead/package_default,ead,package_default,200,143,7,143,0.0037392761351656622,0.011085368904359658,71.5,3.5000000000000004,100.0,97.38384762900975,100.0
CPU,PAM4,ALL/ALL_24,ALL,ALL_24,4800,3432,2242,1292,0.0009745230451820004,0.011108689939130964,71.5,46.708333333333336,37.645687645687644,36.03938478674698,39.27961711368987
CPU,QAM16,fgsm/eps0.005,fgsm,eps0.005,200,101,76,45,0.00016034165775631148,0.0025598125316900634,50.5,38.0,44.554455445544555,35.23778907550694,54.27019248906285
CPU,QAM16,fgsm/eps0.01,fgsm,eps0.01,200,101,48,80,0.0003206811306881225,0.005118624845053952,50.5,24.0,79.20792079207921,70.29607096328665,85.97930064492994
CPU,QAM16,fgsm/eps0.03,fgsm,eps0.03,200,101,29,101,0.0009620395177625555,0.015344451810233245,50.5,14.499999999999998,100.0,96.33580563440465,99.99999999999997
CPU,QAM16,fgsm/eps0.05,fgsm,eps0.05,200,101,30,101,0.0016033991932635624,0.025548798795789432,50.5,15.0,100.0,96.33580563440465,99.99999999999997
CPU,QAM16,bim/eps0.03_default,bim,eps0.03_default,200,101,30,101,0.000962039452278937,0.013518287315964654,50.5,15.0,100.0,96.33580563440465,99.99999999999997
CPU,QAM16,pgd/eps0.005,pgd,eps0.005,200,101,73,50,0.00016034164436855102,0.0024680842453380526,50.5,36.5,49.504950495049506,39.952499274517514,59.0936808677161
CPU,QAM16,pgd/eps0.01,pgd,eps0.01,200,101,36,91,0.00032068108310336,0.004821128087351049,50.5,18.0,90.0990099009901,82.72665282518264,94.53275565389436
CPU,QAM16,pgd/eps0.03,pgd,eps0.03,200,101,29,101,0.0009620394496595905,0.013445930518209885,50.5,14.499999999999998,100.0,96.33580563440465,99.99999999999997
CPU,QAM16,mifgsm/eps0.03_default,mifgsm,eps0.03_default,200,101,31,101,0.000962039465957738,0.014288577861152542,50.5,15.5,100.0,96.33580563440465,99.99999999999997
CPU,QAM16,difgsm/eps0.03_default,difgsm,eps0.03_default,200,101,30,101,0.0009620394848752265,0.014292617174796716,50.5,15.0,100.0,96.33580563440465,99.99999999999997
CPU,QAM16,vmifgsm/eps0.03_default,vmifgsm,eps0.03_default,200,101,30,101,0.00096203946042801,0.014439169936813363,50.5,15.0,100.0,96.33580563440465,99.99999999999997
CPU,QAM16,vnifgsm/eps0.03_default,vnifgsm,eps0.03_default,200,101,29,101,0.0009620394828379594,0.014507474093697919,50.5,14.499999999999998,100.0,96.33580563440465,99.99999999999997
CPU,QAM16,rfgsm/eps0.03_default,rfgsm,eps0.03_default,200,101,29,101,0.0009620394613011245,0.013411751207895528,50.5,14.499999999999998,100.0,96.33580563440465,99.99999999999997
CPU,QAM16,tpgd/eps0.03_default,tpgd,eps0.03_default,200,101,57,54,0.000962039467412925,0.013272579088807059,50.5,28.499999999999996,53.46534653465347,43.78949716628822,62.88724183807648
CPU,QAM16,cw/c1_steps20_lr0.01,cw,c1_steps20_lr0.01,200,101,34,100,0.00033351194389974297,0.004023885897765831,50.5,17.0,99.00990099009901,94.60315253904807,99.8250133798238
CPU,QAM16,deepfool/package_default,deepfool,package_default,200,101,31,101,0.0005915164579345853,0.0025646230675192318,50.5,15.5,100.0,96.33580563440465,99.99999999999997
CPU,QAM16,fab/eps0.005,fab,eps0.005,200,101,72,49,3.6588725124596526e-05,0.0005648730359554565,50.5,36.0,48.51485148514851,39.00229573630214,58.13624469039871
CPU,QAM16,fab/eps0.01,fab,eps0.01,200,101,41,88,0.00010473311769599297,0.0015524051564165236,50.5,20.5,87.12871287128714,79.21513093907919,92.32135839339954
CPU,QAM16,fab/eps0.03,fab,eps0.03,200,101,30,101,0.00018213799179645193,0.002641009039534718,50.5,15.0,100.0,96.33580563440465,99.99999999999997
CPU,QAM16,square/eps0.03_default,square,eps0.03_default,200,101,31,101,0.0009571763256098574,0.015272348881480536,50.5,15.5,100.0,96.33580563440465,99.99999999999997
CPU,QAM16,apgd/eps0.03_default,apgd,eps0.03_default,200,101,26,101,0.0009620394639204685,0.01350753097794945,50.5,13.0,100.0,96.33580563440465,99.99999999999997
CPU,QAM16,apgdt/eps0.03_default,apgdt,eps0.03_default,200,101,32,101,0.000962039264850264,0.01228337328415359,50.5,16.0,100.0,96.33580563440465,99.99999999999997
CPU,QAM16,autoattack/eps0.03_standard,autoattack,eps0.03_standard,200,101,30,101,0.0009620394534430895,0.0135333148669451,50.5,15.0,100.0,96.33580563440465,99.99999999999997
CPU,QAM16,ead/package_default,ead,package_default,200,101,34,101,0.0014490779902552695,0.002996967143808383,50.5,17.0,100.0,96.33580563440465,99.99999999999997
CPU,QAM16,ALL/ALL_24,ALL,ALL_24,4800,2424,918,2173,0.0007401941952593455,0.009832400786013428,50.5,19.125,89.64521452145215,88.36892415446518,90.79604278571742
CPU,QAM64,fgsm/eps0.005,fgsm,eps0.005,200,118,101,46,0.000156747921428127,0.002503254626644726,59.0,50.5,38.983050847457626,30.663375206175598,47.997443430480516
CPU,QAM64,fgsm/eps0.01,fgsm,eps0.01,200,118,68,87,0.0003134937735739605,0.005005800280487111,59.0,34.0,73.72881355932203,65.130146012051,80.83116769361276
CPU,QAM64,fgsm/eps0.03,fgsm,eps0.03,200,118,44,112,0.0009404771804110556,0.015008143200539002,59.0,22.0,94.91525423728814,89.34913203043966,97.64906891242387
CPU,QAM64,fgsm/eps0.05,fgsm,eps0.05,200,118,40,111,0.0015674619597848005,0.024993201838806222,59.0,20.0,94.0677966101695,88.25966498400048,97.09706046937507
CPU,QAM64,bim/eps0.03_default,bim,eps0.03_default,200,118,29,118,0.0009404771309345455,0.013080537705682169,59.0,14.499999999999998,100.0,96.84705387979147,100.0
CPU,QAM64,pgd/eps0.005,pgd,eps0.005,200,118,95,49,0.0001567479086224415,0.0024183250492205354,59.0,47.5,41.52542372881356,33.038729052795844,50.54651605232424
CPU,QAM64,pgd/eps0.01,pgd,eps0.01,200,118,55,95,0.000313493731373407,0.004720744468504517,59.0,27.500000000000004,80.50847457627118,72.44709740380223,86.64602021776543
CPU,QAM64,pgd/eps0.03,pgd,eps0.03,200,118,29,117,0.0009404771114349784,0.013040626822039436,59.0,14.499999999999998,99.15254237288136,95.35532858788099,99.85024980242248
CPU,QAM64,mifgsm/eps0.03_default,mifgsm,eps0.03_default,200,118,32,117,0.000940477144322307,0.01392540196422483,59.0,16.0,99.15254237288136,95.35532858788099,99.85024980242248
CPU,QAM64,difgsm/eps0.03_default,difgsm,eps0.03_default,200,118,41,116,0.000940477141702961,0.013951623272150706,59.0,20.5,98.30508474576271,94.03013738539171,99.53396551542379
CPU,QAM64,vmifgsm/eps0.03_default,vmifgsm,eps0.03_default,200,118,28,118,0.000940477144322307,0.014077133159153115,59.0,14.000000000000002,100.0,96.84705387979147,100.0
CPU,QAM64,vnifgsm/eps0.03_default,vnifgsm,eps0.03_default,200,118,27,118,0.000940477139665693,0.014159350944682908,59.0,13.5,100.0,96.84705387979147,100.0
CPU,QAM64,rfgsm/eps0.03_default,rfgsm,eps0.03_default,200,118,29,118,0.0009404770977561789,0.01295626268256451,59.0,14.499999999999998,100.0,96.84705387979147,100.0
CPU,QAM64,tpgd/eps0.03_default,tpgd,eps0.03_default,200,118,60,74,0.0009404770858236091,0.012988523808307896,59.0,30.0,62.71186440677966,53.715171836931844,70.90696050538803
CPU,QAM64,cw/c1_steps20_lr0.01,cw,c1_steps20_lr0.01,200,118,40,116,0.00033531520311948595,0.004039233386788488,59.0,20.0,98.30508474576271,94.03013738539171,99.53396551542379
CPU,QAM64,deepfool/package_default,deepfool,package_default,200,118,36,118,0.0006848516807076079,0.002858071206583141,59.0,18.0,100.0,96.84705387979147,100.0
CPU,QAM64,fab/eps0.005,fab,eps0.005,200,118,98,49,3.493234245979133e-05,0.0005342144133925962,59.0,49.0,41.52542372881356,33.038729052795844,50.54651605232424
CPU,QAM64,fab/eps0.01,fab,eps0.01,200,118,59,93,9.59629201679288e-05,0.0014318402468911759,59.0,29.5,78.8135593220339,70.59259027793365,85.21757636465803
CPU,QAM64,fab/eps0.03,fab,eps0.03,200,118,35,117,0.00018722094842811937,0.002655008289384915,59.0,17.5,99.15254237288136,95.35532858788099,99.85024980242248
CPU,QAM64,square/eps0.03_default,square,eps0.03_default,200,118,34,118,0.0009404771713888695,0.015007269424386271,59.0,17.0,100.0,96.84705387979147,100.0
CPU,QAM64,apgd/eps0.03_default,apgd,eps0.03_default,200,118,25,118,0.000940477096009949,0.013061025426723015,59.0,12.5,100.0,96.84705387979147,100.0
CPU,QAM64,apgdt/eps0.03_default,apgdt,eps0.03_default,200,118,34,118,0.0009404770049149615,0.012186728017404622,59.0,17.0,100.0,96.84705387979147,100.0
CPU,QAM64,autoattack/eps0.03_standard,autoattack,eps0.03_standard,200,118,26,118,0.0009404770957189106,0.013093162965960749,59.0,13.0,100.0,96.84705387979147,100.0
CPU,QAM64,ead/package_default,ead,package_default,200,118,36,118,0.0015011621930170304,0.003067069651624432,59.0,18.0,100.0,96.84705387979147,100.0
CPU,QAM64,ALL/ALL_24,ALL,ALL_24,4800,2832,1101,2479,0.0007322330469620428,0.009615106368839462,59.0,22.9375,87.53531073446328,86.26764142338335,88.7012849087503
CPU,QPSK,fgsm/eps0.005,fgsm,eps0.005,200,110,110,11,0.0001583334722090035,0.002527540358714708,55.00000000000001,55.00000000000001,10.0,5.675953504141412,17.023657182988778
CPU,QPSK,fgsm/eps0.01,fgsm,eps0.01,200,110,104,19,0.000316664737620113,0.005054519656114227,55.00000000000001,52.0,17.272727272727273,11.345829455900079,25.408397469933714
CPU,QPSK,fgsm/eps0.03,fgsm,eps0.03,200,110,76,46,0.000949990052322344,0.015154850464314173,55.00000000000001,38.0,41.81818181818181,33.02895479049346,51.159601940965
CPU,QPSK,fgsm/eps0.05,fgsm,eps0.05,200,110,44,84,0.0015833165677031037,0.025237492234446064,55.00000000000001,22.0,76.36363636363637,67.61905470088632,83.32892916441425
CPU,QPSK,bim/eps0.03_default,bim,eps0.03_default,200,110,55,79,0.0009499899685033116,0.01372915948741133,55.00000000000001,27.500000000000004,71.81818181818181,62.784870068105306,79.3789786480055
CPU,QPSK,pgd/eps0.005,pgd,eps0.005,200,110,106,12,0.000158333452418399,0.002441196007421193,55.00000000000001,53.0,10.909090909090908,6.3513981388531535,18.105039578114983
CPU,QPSK,pgd/eps0.01,pgd,eps0.01,200,110,103,21,0.000316664702695516,0.004783233227208207,55.00000000000001,51.5,19.090909090909093,12.839312602494251,27.428568383015445
CPU,QPSK,pgd/eps0.03,pgd,eps0.03,200,110,54,79,0.000949989941436747,0.013611463182605754,55.00000000000001,27.0,71.81818181818181,62.784870068105306,79.3789786480055
CPU,QPSK,mifgsm/eps0.03_default,mifgsm,eps0.03_default,200,110,55,76,0.000949990034569007,0.014299700288101982,55.00000000000001,27.500000000000004,69.0909090909091,59.933223061512464,76.9601445650845
CPU,QPSK,difgsm/eps0.03_default,difgsm,eps0.03_default,200,110,52,77,0.0009499900109949035,0.014399411147460295,55.00000000000001,26.0,70.0,60.87996416446292,77.77023049197199
CPU,QPSK,vmifgsm/eps0.03_default,vmifgsm,eps0.03_default,200,110,55,78,0.0009499900077934829,0.014399832249619018,55.00000000000001,27.500000000000004,70.9090909090909,61.830480360712144,78.57654132556071
CPU,QPSK,vnifgsm/eps0.03_default,vnifgsm,eps0.03_default,200,110,58,78,0.0009499900008085641,0.014483872898854267,55.00000000000001,28.999999999999996,70.9090909090909,61.830480360712144,78.57654132556071
CPU,QPSK,rfgsm/eps0.03_default,rfgsm,eps0.03_default,200,110,55,77,0.0009499899402725941,0.013671633847989093,55.00000000000001,27.500000000000004,70.0,60.87996416446292,77.77023049197199
CPU,QPSK,tpgd/eps0.03_default,tpgd,eps0.03_default,200,110,78,48,0.0009499899609363135,0.013567129517905363,55.00000000000001,39.0,43.63636363636363,34.73834458841848,52.96386620271587
CPU,QPSK,cw/c1_steps20_lr0.01,cw,c1_steps20_lr0.01,200,110,16,109,0.0007764979737839402,0.008242362643172354,55.00000000000001,8.0,99.0909090909091,95.02931300620922,99.83934660504013
CPU,QPSK,deepfool/package_default,deepfool,package_default,200,110,18,106,0.0014892525353934153,0.0063928721882507014,55.00000000000001,9.0,96.36363636363636,91.02118658040408,98.57699194133139
CPU,QPSK,fab/eps0.005,fab,eps0.005,200,110,105,12,1.629156446142404e-05,0.00025000095140436036,55.00000000000001,52.5,10.909090909090908,6.3513981388531535,18.105039578114983
CPU,QPSK,fab/eps0.01,fab,eps0.01,200,110,98,21,5.379312970034413e-05,0.0007863687008709229,55.00000000000001,49.0,19.090909090909093,12.839312602494251,27.428568383015445
CPU,QPSK,fab/eps0.03,fab,eps0.03,200,110,48,77,0.00030263855915106213,0.004251552467118432,55.00000000000001,24.0,70.0,60.87996416446292,77.77023049197199
CPU,QPSK,square/eps0.03_default,square,eps0.03_default,200,110,20,97,0.0009054338108398504,0.014448136839269233,55.00000000000001,10.0,88.18181818181819,80.82479662756032,92.9619386256336
CPU,QPSK,apgd/eps0.03_default,apgd,eps0.03_default,200,110,56,85,0.0008648112809896289,0.012554658898050193,55.00000000000001,28.000000000000004,77.27272727272727,68.59933250234248,84.10547839279602
CPU,QPSK,apgdt/eps0.03_default,apgdt,eps0.03_default,200,110,35,92,0.0008890100548887396,0.011489031119116333,55.00000000000001,17.5,83.63636363636363,75.61132241492788,89.39127768907628
CPU,QPSK,autoattack/eps0.03_standard,autoattack,eps0.03_standard,200,110,39,97,0.000905874022646413,0.013157742515470859,55.00000000000001,19.5,88.18181818181819,80.82479662756032,92.9619386256336
CPU,QPSK,ead/package_default,ead,package_default,200,110,20,110,0.0023280209567746583,0.005881315363299061,55.00000000000001,10.0,100.0,96.62548664108728,100.00000000000003
CPU,QPSK,ALL/ALL_24,ALL,ALL_24,4800,2640,1460,1591,0.0008172852807880367,0.010200628177257838,55.00000000000001,30.416666666666664,60.265151515151516,58.384839417016224,62.115632320776236
CPU,WBFM,fgsm/eps0.005,fgsm,eps0.005,200,28,28,18,0.0001332796888891321,0.0021277511556399478,14.000000000000002,14.000000000000002,64.28571428571429,45.82997758222723,79.29438802754113
CPU,WBFM,fgsm/eps0.01,fgsm,eps0.01,200,28,46,26,0.000266557614813742,0.004254874961916306,14.000000000000002,23.0,92.85714285714286,77.35426157408214,98.01883525522292
CPU,WBFM,fgsm/eps0.03,fgsm,eps0.03,200,28,87,28,0.0007996694528264454,0.01275528051424767,14.000000000000002,43.5,100.0,87.93527963418923,100.0
CPU,WBFM,fgsm/eps0.05,fgsm,eps0.05,200,28,91,28,0.0013327824341831255,0.02123966786544765,14.000000000000002,45.5,100.0,87.93527963418923,100.0
CPU,WBFM,bim/eps0.03_default,bim,eps0.03_default,200,28,111,28,0.0007996694196480775,0.01161780714523042,14.000000000000002,55.50000000000001,100.0,87.93527963418923,100.0
CPU,WBFM,pgd/eps0.005,pgd,eps0.005,200,28,24,23,0.00013327968830705603,0.002056879823794537,14.000000000000002,12.0,82.14285714285714,64.4082084514089,92.12161417056988
CPU,WBFM,pgd/eps0.01,pgd,eps0.01,200,28,51,27,0.0002665575758146075,0.004031878176610868,14.000000000000002,25.5,96.42857142857143,82.28742388150135,99.36676435024582
CPU,WBFM,pgd/eps0.03,pgd,eps0.03,200,28,114,28,0.000799669377156485,0.011443847201298872,14.000000000000002,56.99999999999999,100.0,87.93527963418923,100.0
CPU,WBFM,mifgsm/eps0.03_default,mifgsm,eps0.03_default,200,28,114,28,0.0007996694173197714,0.01204156177584077,14.000000000000002,56.99999999999999,100.0,87.93527963418923,100.0
CPU,WBFM,difgsm/eps0.03_default,difgsm,eps0.03_default,200,28,109,28,0.000799669411790043,0.012100491821765851,14.000000000000002,54.50000000000001,100.0,87.93527963418923,100.0
CPU,WBFM,vmifgsm/eps0.03_default,vmifgsm,eps0.03_default,200,28,112,28,0.0007996694225584605,0.01214368585497136,14.000000000000002,56.00000000000001,100.0,87.93527963418923,100.0
CPU,WBFM,vnifgsm/eps0.03_default,vnifgsm,eps0.03_default,200,28,115,28,0.0007996694263419581,0.012202196349389802,14.000000000000002,57.49999999999999,100.0,87.93527963418923,100.0
CPU,WBFM,rfgsm/eps0.03_default,rfgsm,eps0.03_default,200,28,113,28,0.000799669381813099,0.011533976716455022,14.000000000000002,56.49999999999999,100.0,87.93527963418923,100.0
CPU,WBFM,tpgd/eps0.03_default,tpgd,eps0.03_default,200,28,71,23,0.000799669396656051,0.011566884766798416,14.000000000000002,35.5,82.14285714285714,64.4082084514089,92.12161417056988
CPU,WBFM,cw/c1_steps20_lr0.01,cw,c1_steps20_lr0.01,200,28,126,28,0.0004496667896455118,0.004594811307111732,14.000000000000002,63.0,100.0,87.93527963418923,100.0
CPU,WBFM,deepfool/package_default,deepfool,package_default,200,28,116,28,0.0008475902929785176,0.003718856907216787,14.000000000000002,57.99999999999999,100.0,87.93527963418923,100.0
CPU,WBFM,fab/eps0.005,fab,eps0.005,200,28,25,23,2.3118178469296566e-05,0.0003532824838267095,14.000000000000002,12.5,82.14285714285714,64.4082084514089,92.12161417056988
CPU,WBFM,fab/eps0.01,fab,eps0.01,200,28,49,27,6.5607555115986e-05,0.0009739297970743909,14.000000000000002,24.5,96.42857142857143,82.28742388150135,99.36676435024582
CPU,WBFM,fab/eps0.03,fab,eps0.03,200,28,114,28,0.00022802322415368896,0.0031943019020026393,14.000000000000002,56.99999999999999,100.0,87.93527963418923,100.0
CPU,WBFM,square/eps0.03_default,square,eps0.03_default,200,28,120,28,0.0007996694394386831,0.012768914499320043,14.000000000000002,60.0,100.0,87.93527963418923,100.0
CPU,WBFM,apgd/eps0.03_default,apgd,eps0.03_default,200,28,110,28,0.000799669375119216,0.011678520422428798,14.000000000000002,55.00000000000001,100.0,87.93527963418923,100.0
CPU,WBFM,apgdt/eps0.03_default,apgdt,eps0.03_default,200,28,121,28,0.0007996692511369015,0.010696389507502265,14.000000000000002,60.5,100.0,87.93527963418923,100.0
CPU,WBFM,autoattack/eps0.03_standard,autoattack,eps0.03_standard,200,28,113,28,0.0007996693922904779,0.011647276007570278,14.000000000000002,56.49999999999999,100.0,87.93527963418923,100.0
CPU,WBFM,ead/package_default,ead,package_default,200,28,129,28,0.0015711754144285331,0.003381569773277941,14.000000000000002,64.5,100.0,87.93527963418923,100.0
CPU,WBFM,ALL/ALL_24,ALL,ALL_24,4800,672,2209,643,0.0006547225258706195,0.008505193197364128,14.000000000000002,46.020833333333336,95.68452380952381,93.87095781113017,96.97873241214111
NPU,8PSK,fgsm/eps0.005,fgsm,eps0.005,200,107,108,8,0.00015742977484473598,0.002512333255144718,53.5,54.0,7.476635514018691,3.836964356083345,14.06389597072536
NPU,8PSK,fgsm/eps0.01,fgsm,eps0.01,200,107,96,21,0.0003148574173973865,0.005023955466458526,53.5,48.0,19.626168224299064,13.21031003473682,28.14744734155511
NPU,8PSK,fgsm/eps0.03,fgsm,eps0.03,200,107,37,86,0.0009445684289675641,0.015061388178728471,53.5,18.5,80.37383177570094,71.85255265844488,86.78968996526318
NPU,8PSK,fgsm/eps0.05,fgsm,eps0.05,200,107,16,103,0.0015742806356865418,0.02507973526604469,53.5,8.0,96.26168224299066,90.77981271048195,98.53683374716573
NPU,8PSK,bim/eps0.03_default,bim,eps0.03_default,200,107,17,104,0.0009445683567900635,0.013741913586854887,53.5,8.5,97.19626168224299,92.07905249552371,99.04197065823806
NPU,8PSK,pgd/eps0.005,pgd,eps0.005,200,107,104,11,0.000157429743121562,0.0024300877470522625,53.5,52.0,10.2803738317757,5.8378570464941415,17.47613336865685
NPU,8PSK,pgd/eps0.01,pgd,eps0.01,200,107,89,26,0.00031485735162272896,0.00476683431887063,53.5,44.5,24.299065420560748,17.155744423820675,33.22389643304172
NPU,8PSK,pgd/eps0.03,pgd,eps0.03,200,107,21,102,0.0009445683352532299,0.013584500639699354,53.5,10.5,95.32710280373831,89.52450580717131,97.98776395436226
NPU,8PSK,mifgsm/eps0.03_default,mifgsm,eps0.03_default,200,107,15,104,0.000944568366394329,0.01423171595670278,53.5,7.5,97.19626168224299,92.07905249552371,99.04197065823806
NPU,8PSK,difgsm/eps0.03_default,difgsm,eps0.03_default,200,107,20,101,0.0009445683765806695,0.014300596066750534,53.5,10.0,94.39252336448598,88.30289394435242,97.40499912106706
NPU,8PSK,vmifgsm/eps0.03_default,vmifgsm,eps0.03_default,200,107,16,104,0.0009445683681405595,0.014357235850766252,53.5,8.0,97.19626168224299,92.07905249552371,99.04197065823806
NPU,8PSK,vnifgsm/eps0.03_default,vnifgsm,eps0.03_default,200,107,22,102,0.000944568404520346,0.014423453174531413,53.5,11.0,95.32710280373831,89.52450580717131,97.98776395436226
NPU,8PSK,rfgsm/eps0.03_default,rfgsm,eps0.03_default,200,107,15,104,0.0009445683369994595,0.013643215713091144,53.5,7.5,97.19626168224299,92.07905249552371,99.04197065823806
NPU,8PSK,tpgd/eps0.03_default,tpgd,eps0.03_default,200,107,51,62,0.0009445683512603365,0.01350420083384956,53.5,25.5,57.943925233644855,48.474319205840324,66.86288271112947
NPU,8PSK,cw/c1_steps20_lr0.01,cw,c1_steps20_lr0.01,200,107,35,88,0.0005980293750325881,0.006752931951670995,53.5,17.5,82.2429906542056,73.92385556939793,88.32714044653831
NPU,8PSK,deepfool/package_default,deepfool,package_default,200,107,83,36,0.0011435296271519694,0.005126461119580147,53.5,41.5,33.64485981308411,25.39713264752684,43.02627517047651
NPU,8PSK,fab/eps0.005,fab,eps0.005,200,107,109,3,2.287829833221079e-05,0.0003484302849180897,53.5,54.50000000000001,2.803738317757009,0.9580293417619429,7.920947504476293
NPU,8PSK,fab/eps0.01,fab,eps0.01,200,107,107,7,7.345099060329145e-05,0.0010889928942533506,53.5,53.5,6.5420560747663545,3.2047896397421094,12.891693990952502
NPU,8PSK,fab/eps0.03,fab,eps0.03,200,107,96,21,0.00032271151372693333,0.004598790579083012,53.5,48.0,19.626168224299064,13.21031003473682,28.14744734155511
NPU,8PSK,square/eps0.03_default,square,eps0.03_default,200,107,51,69,0.0009249669770360421,0.014755088824636484,53.5,25.5,64.48598130841121,55.06061419908396,72.90722459068449
NPU,8PSK,apgd/eps0.03_default,apgd,eps0.03_default,200,107,12,105,0.000941030244866802,0.013714637558861199,53.5,6.0,98.13084112149532,93.4394855595107,99.48591429036516
NPU,8PSK,apgdt/eps0.03_default,apgdt,eps0.03_default,200,107,21,104,0.000937434886582145,0.012014299344112314,53.5,10.5,97.19626168224299,92.07905249552371,99.04197065823806
NPU,8PSK,autoattack/eps0.03_standard,autoattack,eps0.03_standard,200,107,15,104,0.0009410302355535756,0.01371093574254823,53.5,7.5,97.19626168224299,92.07905249552371,99.04197065823806
NPU,8PSK,ead/package_default,ead,package_default,200,107,104,21,0.002128643706673707,0.005011357945222652,53.5,52.0,19.626168224299064,13.21031003473682,28.14744734155511
NPU,8PSK,ALL/ALL_24,ALL,ALL_24,4800,2568,1260,1596,0.0007939031709641157,0.010157628845809653,53.5,26.25,62.149532710280376,60.25678364518249,64.00598588152555
NPU,AM-DSB,fgsm/eps0.005,fgsm,eps0.005,200,133,127,7,0.0001355042411887241,0.0021634314878610375,66.5,63.5,5.263157894736842,2.572540070175063,10.465600378343515
NPU,AM-DSB,fgsm/eps0.01,fgsm,eps0.01,200,133,130,8,0.000271006746770533,0.004326403293525751,66.5,65.0,6.015037593984962,3.079081282327673,11.420603024198996
NPU,AM-DSB,fgsm/eps0.03,fgsm,eps0.03,200,133,131,10,0.0008130168734350655,0.012971319875214202,66.5,65.5,7.518796992481203,4.135035017573233,13.28773700496962
NPU,AM-DSB,fgsm/eps0.05,fgsm,eps0.05,200,133,131,11,0.0013550281219067485,0.02160265629179771,66.5,65.5,8.270676691729323,4.68079420631385,14.203521674237091
NPU,AM-DSB,bim/eps0.03_default,bim,eps0.03_default,200,133,133,13,0.0008130168239585535,0.011813985507469576,66.5,66.5,9.774436090225564,5.801425130918243,16.00597846564888
NPU,AM-DSB,pgd/eps0.005,pgd,eps0.005,200,133,129,6,0.00013550422409022378,0.0020892848743823762,66.5,64.5,4.511278195488721,2.083692467409633,9.492904123100853
NPU,AM-DSB,pgd/eps0.01,pgd,eps0.01,200,133,135,6,0.000271006678667569,0.004096292579779353,66.5,67.5,4.511278195488721,2.083692467409633,9.492904123100853
NPU,AM-DSB,pgd/eps0.03,pgd,eps0.03,200,133,133,11,0.0008130168076604075,0.011640608224552079,66.5,66.5,8.270676691729323,4.68079420631385,14.203521674237091
NPU,AM-DSB,mifgsm/eps0.03_default,mifgsm,eps0.03_default,200,133,133,11,0.0008130168457864271,0.012264623786322726,66.5,66.5,8.270676691729323,4.68079420631385,14.203521674237091
NPU,AM-DSB,difgsm/eps0.03_default,difgsm,eps0.03_default,200,133,121,15,0.000813016860338341,0.01228435149649153,66.5,60.5,11.278195488721805,6.954841785435962,17.775649527147344
NPU,AM-DSB,vmifgsm/eps0.03_default,vmifgsm,eps0.03_default,200,133,133,11,0.000813016847241618,0.012361390353180419,66.5,66.5,8.270676691729323,4.68079420631385,14.203521674237091
NPU,AM-DSB,vnifgsm/eps0.03_default,vnifgsm,eps0.03_default,200,133,132,11,0.000813016861793535,0.01238950766855846,66.5,66.0,8.270676691729323,4.68079420631385,14.203521674237091
NPU,AM-DSB,rfgsm/eps0.03_default,rfgsm,eps0.03_default,200,133,133,13,0.000813016797765105,0.011713512795977248,66.5,66.5,9.774436090225564,5.801425130918243,16.00597846564888
NPU,AM-DSB,tpgd/eps0.03_default,tpgd,eps0.03_default,200,133,138,12,0.0008130168463685029,0.011683631830383042,66.5,69.0,9.022556390977442,5.2366021993723635,15.109257539186668
NPU,AM-DSB,cw/c1_steps20_lr0.01,cw,c1_steps20_lr0.01,200,133,131,9,0.0004492909906547955,0.0046827047970802544,66.5,65.5,6.7669172932330826,3.6005978384614905,12.36063032607327
NPU,AM-DSB,deepfool/package_default,deepfool,package_default,200,133,135,8,0.0008741545693191671,0.0038201057656101034,66.5,67.5,6.015037593984962,3.079081282327673,11.420603024198996
NPU,AM-DSB,fab/eps0.005,fab,eps0.005,200,133,133,2,2.462808653944737e-05,0.00037466850786546413,66.5,66.5,1.5037593984962405,0.41334978576213244,5.317071372715991
NPU,AM-DSB,fab/eps0.01,fab,eps0.01,200,133,132,5,7.124222858691144e-05,0.0010575492879870655,66.5,66.0,3.7593984962406015,1.61626809486807,8.498784637634325
NPU,AM-DSB,fab/eps0.03,fab,eps0.03,200,133,130,9,0.0002428578515536705,0.0033936360000701533,66.5,65.0,6.7669172932330826,3.6005978384614905,12.36063032607327
NPU,AM-DSB,square/eps0.03_default,square,eps0.03_default,200,133,125,10,0.0008004581640124735,0.01278039059607742,66.5,62.5,7.518796992481203,4.135035017573233,13.28773700496962
NPU,AM-DSB,apgd/eps0.03_default,apgd,eps0.03_default,200,133,132,13,0.0008130168268689366,0.011857791002839756,66.5,66.0,9.774436090225564,5.801425130918243,16.00597846564888
NPU,AM-DSB,apgdt/eps0.03_default,apgdt,eps0.03_default,200,133,130,10,0.00081301666010399,0.010810293972026508,66.5,65.0,7.518796992481203,4.135035017573233,13.28773700496962
NPU,AM-DSB,autoattack/eps0.03_standard,autoattack,eps0.03_standard,200,133,129,13,0.000813016825995823,0.011857798590790433,66.5,64.5,9.774436090225564,5.801425130918243,16.00597846564888
NPU,AM-DSB,ead/package_default,ead,package_default,200,133,126,9,0.0016048148536355672,0.0035798404639171555,66.5,63.0,6.7669172932330826,3.6005978384614905,12.36063032607327
NPU,AM-DSB,ALL/ALL_24,ALL,ALL_24,4800,3192,3142,233,0.0006663207764267557,0.00865065746040666,66.5,65.45833333333333,7.299498746867168,6.447483277740342,8.254171522672797
NPU,AM-SSB,fgsm/eps0.005,fgsm,eps0.005,200,186,163,28,0.00018584291741712748,0.0029656081006396084,93.0,81.5,15.053763440860216,10.625089491590881,20.89676873126439
NPU,AM-SSB,fgsm/eps0.01,fgsm,eps0.01,200,186,148,48,0.00037168350274436603,0.0059304019180126,93.0,74.0,25.806451612903224,20.05225953549188,32.539796157254074
NPU,AM-SSB,fgsm/eps0.03,fgsm,eps0.03,200,186,50,148,0.0011150458152405394,0.017780506401322737,93.0,25.0,79.56989247311827,73.20490837201467,84.73813467018472
NPU,AM-SSB,fgsm/eps0.05,fgsm,eps0.05,200,186,18,180,0.0018584095628465967,0.02961271306499834,93.0,9.0,96.7741935483871,93.14197632291011,98.51338267111439
NPU,AM-SSB,bim/eps0.03_default,bim,eps0.03_default,200,186,7,183,0.0011150457870098235,0.016353130140341773,93.0,3.5000000000000004,98.38709677419355,95.3659015789476,99.44998703556051
NPU,AM-SSB,pgd/eps0.005,pgd,eps0.005,200,186,166,28,0.000185842871142036,0.002859641440445508,93.0,83.0,15.053763440860216,10.625089491590881,20.89676873126439
NPU,AM-SSB,pgd/eps0.01,pgd,eps0.01,200,186,130,64,0.000371683432022058,0.0055998287699184825,93.0,65.0,34.40860215053764,27.958759224461893,41.489454444196625
NPU,AM-SSB,pgd/eps0.03,pgd,eps0.03,200,186,9,180,0.0011150457424809635,0.016114918431267094,93.0,4.5,96.7741935483871,93.14197632291011,98.51338267111439
NPU,AM-SSB,mifgsm/eps0.03_default,mifgsm,eps0.03_default,200,186,14,178,0.001115045813494308,0.016869667703285768,93.0,7.000000000000001,95.6989247311828,91.74359177855207,97.80474746848338
NPU,AM-SSB,difgsm/eps0.03_default,difgsm,eps0.03_default,200,186,17,169,0.0011150458196061155,0.016911808415315997,93.0,8.5,90.86021505376344,85.85146728531828,94.21528310026635
NPU,AM-SSB,vmifgsm/eps0.03_default,vmifgsm,eps0.03_default,200,186,12,180,0.001115045801852776,0.017009428222663648,93.0,6.0,96.7741935483871,93.14197632291011,98.51338267111439
NPU,AM-SSB,vnifgsm/eps0.03_default,vnifgsm,eps0.03_default,200,186,11,180,0.0011150457980692796,0.01710141788702453,93.0,5.5,96.7741935483871,93.14197632291011,98.51338267111439
NPU,AM-SSB,rfgsm/eps0.03_default,rfgsm,eps0.03_default,200,186,8,182,0.001115045766637141,0.01625739616341884,93.0,4.0,97.84946236559139,94.60176960216708,99.16060913884648
NPU,AM-SSB,tpgd/eps0.03_default,tpgd,eps0.03_default,200,186,63,125,0.001115045756450801,0.016053494689986063,93.0,31.5,67.20430107526882,60.16876767443959,73.5435482773855
NPU,AM-SSB,cw/c1_steps20_lr0.01,cw,c1_steps20_lr0.01,200,186,8,182,0.0007865574461174625,0.00874067715019914,93.0,4.0,97.84946236559139,94.60176960216708,99.16060913884648
NPU,AM-SSB,deepfool/package_default,deepfool,package_default,200,186,16,170,0.0016114524065050752,0.00744203722824745,93.0,8.0,91.39784946236558,86.48440455318472,94.63585570589443
NPU,AM-SSB,fab/eps0.005,fab,eps0.005,200,186,165,23,2.0197123449173728e-05,0.00030720293482017967,93.0,82.5,12.365591397849462,8.382836970746615,17.87147188463598
NPU,AM-SSB,fab/eps0.01,fab,eps0.01,200,186,136,52,7.405829637717497e-05,0.001089083496951739,93.0,68.0,27.956989247311824,22.003356721532583,34.80273846519151
NPU,AM-SSB,fab/eps0.03,fab,eps0.03,200,186,37,151,0.00044360614934698756,0.006202424427111814,93.0,18.5,81.18279569892472,74.956155825873,86.14741683680998
NPU,AM-SSB,square/eps0.03_default,square,eps0.03_default,200,186,12,177,0.0010849492740816853,0.01730726974054824,93.0,6.0,95.16129032258065,91.06105157259505,97.43377780094585
NPU,AM-SSB,apgd/eps0.03_default,apgd,eps0.03_default,200,186,8,182,0.0010980771554749869,0.016281388125073338,93.0,4.0,97.84946236559139,94.60176960216708,99.16060913884648
NPU,AM-SSB,apgdt/eps0.03_default,apgdt,eps0.03_default,200,186,2,186,0.0011150454531888905,0.014043646240606857,93.0,1.0,100.0,97.9764182349917,100.0
NPU,AM-SSB,autoattack/eps0.03_standard,autoattack,eps0.03_standard,200,186,5,185,0.0011150457893381305,0.016576163028366814,93.0,2.5,99.46236559139786,97.01787472015778,99.90503364133939
NPU,AM-SSB,ead/package_default,ead,package_default,200,186,40,146,0.002499011344043487,0.006691959916060979,93.0,20.0,78.49462365591397,72.04504958735882,83.7909737078515
NPU,AM-SSB,ALL/ALL_24,ALL,ALL_24,4800,4464,1245,3327,0.0009523697843723745,0.012170908901526148,93.0,25.937500000000004,74.52956989247312,73.23071996089435,75.78623713087005
NPU,BPSK,fgsm/eps0.005,fgsm,eps0.005,200,107,105,6,0.000164204277825728,0.0026211953110759547,53.5,52.5,5.607476635514018,2.5950008789329404,11.697106055647577
NPU,BPSK,fgsm/eps0.01,fgsm,eps0.01,200,107,99,15,0.000328406404878429,0.00524137924425299,53.5,49.5,14.018691588785046,8.683152059205126,21.848345140402238
NPU,BPSK,fgsm/eps0.03,fgsm,eps0.03,200,107,75,45,0.000985215077234847,0.015712455278262445,53.5,37.5,42.05607476635514,33.13711728887053,51.525680794159676
NPU,BPSK,fgsm/eps0.05,fgsm,eps0.05,200,107,52,67,0.0016420250723603604,0.026159109827130985,53.5,26.0,62.616822429906534,53.161765711578866,71.19731968596139
NPU,BPSK,bim/eps0.03_default,bim,eps0.03_default,200,107,61,58,0.000985215020482378,0.014336434793658504,53.5,30.5,54.20560747663551,44.78329616339208,63.33639896912133
NPU,BPSK,pgd/eps0.005,pgd,eps0.005,200,107,107,7,0.00016420422281948648,0.002536664123181204,53.5,53.5,6.5420560747663545,3.2047896397421094,12.891693990952502
NPU,BPSK,pgd/eps0.01,pgd,eps0.01,200,107,97,17,0.000328406369371756,0.004978993056574786,53.5,48.5,15.887850467289718,10.162592670233947,23.977657921601605
NPU,BPSK,pgd/eps0.03,pgd,eps0.03,200,107,62,56,0.000985215005930463,0.014211338241584548,53.5,31.0,52.336448598130836,42.95689431021738,61.55404743006785
NPU,BPSK,mifgsm/eps0.03_default,mifgsm,eps0.03_default,200,107,64,55,0.000985215060645664,0.014880147371441079,53.5,32.0,51.4018691588785,42.048422635928226,60.658142408242895
NPU,BPSK,difgsm/eps0.03_default,difgsm,eps0.03_default,200,107,67,53,0.000985215066757468,0.014995712749659964,53.5,33.5,49.532710280373834,40.2409058672728,58.85690578467015
NPU,BPSK,vmifgsm/eps0.03_default,vmifgsm,eps0.03_default,200,107,62,57,0.0009852150428923275,0.01500241090543563,53.5,31.0,53.271028037383175,43.86851561663727,62.44680281976206
NPU,BPSK,vnifgsm/eps0.03_default,vnifgsm,eps0.03_default,200,107,60,58,0.0009852150577352805,0.01506150153465564,53.5,30.0,54.20560747663551,44.78329616339208,63.33639896912133
NPU,BPSK,rfgsm/eps0.03_default,rfgsm,eps0.03_default,200,107,59,60,0.000985215019318225,0.014241475770249914,53.5,29.5,56.074766355140184,46.622389872016775,65.10605865272481
NPU,BPSK,tpgd/eps0.03_default,tpgd,eps0.03_default,200,107,76,35,0.0009852150239748384,0.014172029388137108,53.5,38.0,32.71028037383177,24.554822911767424,42.06420821012182
NPU,BPSK,cw/c1_steps20_lr0.01,cw,c1_steps20_lr0.01,200,107,97,23,0.00046042722518902,0.005354045613032444,53.5,48.5,21.49532710280374,14.772120660505175,30.194390108014947
NPU,BPSK,deepfool/package_default,deepfool,package_default,200,107,92,28,0.0018588910219841175,0.007900018335300229,53.5,46.0,26.168224299065418,18.76959981258367,35.21879443650692
NPU,BPSK,fab/eps0.005,fab,eps0.005,200,107,108,2,1.776585524566612e-05,0.0002714468907666948,53.5,54.0,1.8691588785046727,0.5140857096348456,6.560514440489296
NPU,BPSK,fab/eps0.01,fab,eps0.01,200,107,105,7,5.18844610814898e-05,0.0007637947680109075,53.5,52.5,6.5420560747663545,3.2047896397421094,12.891693990952502
NPU,BPSK,fab/eps0.03,fab,eps0.03,200,107,99,17,0.00030831198828306224,0.004402851080674775,53.5,49.5,15.887850467289718,10.162592670233947,23.977657921601605
NPU,BPSK,square/eps0.03_default,square,eps0.03_default,200,107,91,25,0.000838460870290833,0.013374254914196864,53.5,45.5,23.364485981308412,16.35605614587961,32.21920801486869
NPU,BPSK,apgd/eps0.03_default,apgd,eps0.03_default,200,107,58,60,0.0007914920717302797,0.011544952927742564,53.5,28.999999999999996,56.074766355140184,46.622389872016775,65.10605865272481
NPU,BPSK,apgdt/eps0.03_default,apgdt,eps0.03_default,200,107,45,67,0.0008585189428412863,0.011365971538216689,53.5,22.5,62.616822429906534,53.161765711578866,71.19731968596139
NPU,BPSK,autoattack/eps0.03_standard,autoattack,eps0.03_standard,200,107,53,67,0.0008707606609095405,0.012803787749209879,53.5,26.5,62.616822429906534,53.161765711578866,71.19731968596139
NPU,BPSK,ead/package_default,ead,package_default,200,107,99,18,0.003358406358165616,0.008773094034440824,53.5,49.5,16.822429906542055,10.91412313513985,25.030504152809797
NPU,BPSK,ALL/ALL_24,ALL,ALL_24,4800,2568,1893,903,0.0008712125490811734,0.010446044393620527,53.5,39.4375,35.16355140186916,33.340182231988926,37.031243442127234
NPU,CPFSK,fgsm/eps0.005,fgsm,eps0.005,200,118,122,4,0.00014766750769917963,0.0023569590499391297,59.0,61.0,3.389830508474576,1.325961911756434,8.392886166404063
NPU,CPFSK,fgsm/eps0.01,fgsm,eps0.01,200,118,121,10,0.000295332985551744,0.004712971730623343,59.0,60.5,8.47457627118644,4.668219110616961,14.899481904471475
NPU,CPFSK,fgsm/eps0.03,fgsm,eps0.03,200,118,90,39,0.000885995291464445,0.014127544495277058,59.0,45.0,33.05084745762712,25.215558933869954,41.954931276370225
NPU,CPFSK,fgsm/eps0.05,fgsm,eps0.05,200,118,54,78,0.0014766586938639624,0.02351948723196979,59.0,27.0,66.10169491525424,57.17339263474423,74.0146416655276
NPU,CPFSK,bim/eps0.03_default,bim,eps0.03_default,200,118,80,58,0.000885995262651654,0.013033700073137833,59.0,40.0,49.152542372881356,40.30222879867755,58.05629571183447
NPU,CPFSK,pgd/eps0.005,pgd,eps0.005,200,118,122,5,0.00014766750246049013,0.0022835662279976025,59.0,61.0,4.23728813559322,1.8232554653831181,9.53706810226537
NPU,CPFSK,pgd/eps0.01,pgd,eps0.01,200,118,121,12,0.0002953329969022365,0.004492979577043975,59.0,60.5,10.16949152542373,5.913498018835979,16.937153975228444
NPU,CPFSK,pgd/eps0.03,pgd,eps0.03,200,118,84,56,0.000885995225980828,0.012864602636545843,59.0,42.0,47.45762711864407,38.67064050210384,56.40493302943217
NPU,CPFSK,mifgsm/eps0.03_default,mifgsm,eps0.03_default,200,118,81,55,0.000885995265562036,0.013427160172723187,59.0,40.5,46.61016949152542,37.85856310359922,55.5755349384488
NPU,CPFSK,difgsm/eps0.03_default,difgsm,eps0.03_default,200,118,95,43,0.0008859952579950405,0.013480048011988351,59.0,47.5,36.440677966101696,28.311937035351992,45.424455132840144
NPU,CPFSK,vmifgsm/eps0.03_default,vmifgsm,eps0.03_default,200,118,86,52,0.000885995267890342,0.013526984136551573,59.0,43.0,44.06779661016949,35.43729178513183,53.07237978845222
NPU,CPFSK,vnifgsm/eps0.03_default,vnifgsm,eps0.03_default,200,118,85,51,0.000885995280696028,0.013584123812615827,59.0,42.5,43.22033898305085,34.63522697916651,52.23296910492955
NPU,CPFSK,rfgsm/eps0.03_default,rfgsm,eps0.03_default,200,118,80,58,0.0008859952480997391,0.01296830170787866,59.0,40.0,49.152542372881356,40.30222879867755,58.05629571183447
NPU,CPFSK,tpgd/eps0.03_default,tpgd,eps0.03_default,200,118,89,35,0.000885995263815807,0.012875065365806172,59.0,44.5,29.66101694915254,22.166449745305883,38.43813850698232
NPU,CPFSK,cw/c1_steps20_lr0.01,cw,c1_steps20_lr0.01,200,118,50,78,0.0007891394942998413,0.00841730860505469,59.0,25.0,66.10169491525424,57.17339263474423,74.0146416655276
NPU,CPFSK,deepfool/package_default,deepfool,package_default,200,118,71,56,0.001765881961764487,0.007993578398936683,59.0,35.5,47.45762711864407,38.67064050210384,56.40493302943217
NPU,CPFSK,fab/eps0.005,fab,eps0.005,200,118,122,2,1.5778528904771586e-05,0.00024028173400552526,59.0,61.0,1.694915254237288,0.4660344845762193,5.969862614608296
NPU,CPFSK,fab/eps0.01,fab,eps0.01,200,118,120,7,5.9062370419258205e-05,0.0008778033450770129,59.0,60.0,5.932203389830509,2.902939530624941,11.740335015999529
NPU,CPFSK,fab/eps0.03,fab,eps0.03,200,118,102,25,0.00023344689732764136,0.0033504256400130744,59.0,51.0,21.1864406779661,14.782423635341962,29.407409722066337
NPU,CPFSK,square/eps0.03_default,square,eps0.03_default,200,118,83,46,0.0007090009529201394,0.01130770513448776,59.0,41.5,38.983050847457626,30.663375206175598,47.997443430480516
NPU,CPFSK,apgd/eps0.03_default,apgd,eps0.03_default,200,118,87,55,0.0007018247434461593,0.010338240003917759,59.0,43.5,46.61016949152542,37.85856310359922,55.5755349384488
NPU,CPFSK,apgdt/eps0.03_default,apgdt,eps0.03_default,200,118,73,55,0.0006990853241586236,0.008816594077724234,59.0,36.5,46.61016949152542,37.85856310359922,55.5755349384488
NPU,CPFSK,autoattack/eps0.03_standard,autoattack,eps0.03_standard,200,118,82,58,0.0007157821649161256,0.010574029842006276,59.0,41.0,49.152542372881356,40.30222879867755,58.05629571183447
NPU,CPFSK,ead/package_default,ead,package_default,200,118,71,57,0.0025247027998556854,0.007027514249348266,59.0,35.5,48.30508474576271,39.48519746023298,57.23185156079103
NPU,CPFSK,ALL/ALL_24,ALL,ALL_24,4800,2832,2171,995,0.000772930095360261,0.009424873969194567,59.0,45.229166666666664,35.13418079096045,33.39713799564063,36.911499835188856
NPU,GFSK,fgsm/eps0.005,fgsm,eps0.005,200,73,66,16,0.00014401769803949247,0.0022983442374970233,36.5,33.0,21.91780821917808,13.966002654277956,32.677482124800036
NPU,GFSK,fgsm/eps0.01,fgsm,eps0.01,200,73,50,29,0.0002880334509245075,0.004595929075730913,36.5,25.0,39.726027397260275,29.286528165068365,51.19279553459432
NPU,GFSK,fgsm/eps0.03,fgsm,eps0.03,200,73,21,65,0.0008640964730875085,0.013776769647374702,36.5,10.5,89.04109589041096,79.83717410229372,94.34139583898809
NPU,GFSK,fgsm/eps0.05,fgsm,eps0.05,200,73,15,70,0.0014401607518083855,0.02293921281117941,36.5,7.5,95.8904109589041,88.59972266493556,98.59263147657113
NPU,GFSK,bim/eps0.03_default,bim,eps0.03_default,200,73,14,70,0.0008640964224468435,0.012469631377607536,36.5,7.000000000000001,95.8904109589041,88.59972266493556,98.59263147657113
NPU,GFSK,pgd/eps0.005,pgd,eps0.005,200,73,63,17,0.00014401766748046982,0.0022253377281594494,36.5,31.5,23.28767123287671,15.078759076763015,34.16748254235996
NPU,GFSK,pgd/eps0.01,pgd,eps0.01,200,73,48,33,0.0002880334293876725,0.0043661352864000445,36.5,24.0,45.20547945205479,34.31446980664788,56.5758812531947
NPU,GFSK,pgd/eps0.03,pgd,eps0.03,200,73,16,70,0.000864096414879849,0.01235638802172611,36.5,8.0,95.8904109589041,88.59972266493556,98.59263147657113
NPU,GFSK,mifgsm/eps0.03_default,mifgsm,eps0.03_default,200,73,16,69,0.00086409645766248,0.012970966440625438,36.5,8.0,94.52054794520548,86.74081222635519,97.84878507510652
NPU,GFSK,difgsm/eps0.03_default,difgsm,eps0.03_default,200,73,12,69,0.0008640964591176695,0.013058944148942781,36.5,6.0,94.52054794520548,86.74081222635519,97.84878507510652
NPU,GFSK,vmifgsm/eps0.03_default,vmifgsm,eps0.03_default,200,73,16,69,0.0008640964512596375,0.013080189416650631,36.5,8.0,94.52054794520548,86.74081222635519,97.84878507510652
NPU,GFSK,vnifgsm/eps0.03_default,vnifgsm,eps0.03_default,200,73,14,69,0.0008640964329242234,0.01317716189660127,36.5,7.000000000000001,94.52054794520548,86.74081222635519,97.84878507510652
NPU,GFSK,rfgsm/eps0.03_default,rfgsm,eps0.03_default,200,73,14,71,0.0008640964224468445,0.01239228703547264,36.5,7.000000000000001,97.26027397260275,90.54967102680322,99.24543995474843
NPU,GFSK,tpgd/eps0.03_default,tpgd,eps0.03_default,200,73,55,40,0.0008640963732613704,0.012182976761832786,36.5,27.500000000000004,54.794520547945204,43.424118746805284,65.68553019335212
NPU,GFSK,cw/c1_steps20_lr0.01,cw,c1_steps20_lr0.01,200,73,24,63,0.0005094227007793538,0.005568717169692706,36.5,12.0,86.3013698630137,76.58736406081267,92.38569220037918
NPU,GFSK,deepfool/package_default,deepfool,package_default,200,73,23,60,0.0012366112590825177,0.0056554906601013,36.5,11.5,82.1917808219178,71.87805780985462,89.28672793120231
NPU,GFSK,fab/eps0.005,fab,eps0.005,200,73,73,5,1.874939705885022e-05,0.0002881646913357959,36.5,36.5,6.8493150684931505,2.9608602066378893,15.052299331945376
NPU,GFSK,fab/eps0.01,fab,eps0.01,200,73,68,15,5.4760932325722285e-05,0.0008201452140276775,36.5,34.0,20.54794520547945,12.86685959377339,31.17386834525963
NPU,GFSK,fab/eps0.03,fab,eps0.03,200,73,29,54,0.0002841849658579663,0.003928263434761702,36.5,14.499999999999998,73.97260273972603,62.89029493194099,82.65794976884607
NPU,GFSK,square/eps0.03_default,square,eps0.03_default,200,73,30,62,0.0008207787438004273,0.013093877300548729,36.5,15.0,84.93150684931507,74.99788763087365,91.37241179027322
NPU,GFSK,apgd/eps0.03_default,apgd,eps0.03_default,200,73,18,68,0.0008182129428314053,0.011827461952869465,36.5,9.0,93.15068493150685,84.94770066805461,97.0391397933621
NPU,GFSK,apgdt/eps0.03_default,apgdt,eps0.03_default,200,73,10,70,0.0008379996746952649,0.01101119423117885,36.5,5.0,95.8904109589041,88.59972266493556,98.59263147657113
NPU,GFSK,autoattack/eps0.03_standard,autoattack,eps0.03_standard,200,73,18,69,0.0008456214965553487,0.012267274776592799,36.5,9.0,94.52054794520548,86.74081222635519,97.84878507510652
NPU,GFSK,ead/package_default,ead,package_default,200,73,27,58,0.0018934771697967758,0.005171574645137246,36.5,13.5,79.45205479452055,68.82613165474037,87.1331404062266
NPU,GFSK,ALL/ALL_24,ALL,ALL_24,4800,1752,740,1281,0.0007250395911462744,0.009230101581751958,36.5,15.416666666666668,73.11643835616438,70.99145750377838,75.14026645127542
NPU,PAM4,fgsm/eps0.005,fgsm,eps0.005,200,138,131,9,0.000176956095674493,0.0028275872312951366,69.0,65.5,6.521739130434782,3.4686920773421095,11.929893387006855
NPU,PAM4,fgsm/eps0.01,fgsm,eps0.01,200,138,124,17,0.00035390975390323,0.005654822178184936,69.0,62.0,12.318840579710146,7.835254631906519,18.843519437195916
NPU,PAM4,fgsm/eps0.03,fgsm,eps0.03,200,138,102,41,0.001061724763130714,0.016958095063455355,69.0,51.0,29.71014492753623,22.71901168490407,37.80032819845877
NPU,PAM4,fgsm/eps0.05,fgsm,eps0.05,200,138,89,54,0.001769541152752888,0.0282526237238198,69.0,44.5,39.130434782608695,31.38765187016417,47.46199449592308
NPU,PAM4,bim/eps0.03_default,bim,eps0.03_default,200,138,91,50,0.0010617247258778114,0.01540184826590116,69.0,45.5,36.231884057971016,28.68553613184403,44.52401593186647
NPU,PAM4,pgd/eps0.005,pgd,eps0.005,200,138,131,9,0.000176956083305365,0.002736251109745305,69.0,65.5,6.521739130434782,3.4686920773421095,11.929893387006855
NPU,PAM4,pgd/eps0.01,pgd,eps0.01,200,138,123,19,0.000353909707046062,0.005368147196713785,69.0,61.5,13.768115942028986,8.994576408901436,20.50424481138937
NPU,PAM4,pgd/eps0.03,pgd,eps0.03,200,138,93,48,0.001061724693281522,0.015229600160382637,69.0,46.5,34.78260869565217,27.345711642211846,43.043793270310296
NPU,PAM4,mifgsm/eps0.03_default,mifgsm,eps0.03_default,200,138,92,49,0.0010617247459594554,0.016037307288497636,69.0,46.0,35.507246376811594,28.01466832622453,43.7848601618918
NPU,PAM4,difgsm/eps0.03_default,difgsm,eps0.03_default,200,138,112,31,0.0010617247276240404,0.016091755144298028,69.0,56.00000000000001,22.463768115942027,16.300901973018338,30.118202154402674
NPU,PAM4,vmifgsm/eps0.03_default,vmifgsm,eps0.03_default,200,138,92,49,0.0010617247523622981,0.01612340443767602,69.0,46.0,35.507246376811594,28.01466832622453,43.7848601618918
NPU,PAM4,vnifgsm/eps0.03_default,vnifgsm,eps0.03_default,200,138,90,50,0.0010617247535264515,0.01622645401861514,69.0,45.0,36.231884057971016,28.68553613184403,44.52401593186647
NPU,PAM4,rfgsm/eps0.03_default,rfgsm,eps0.03_default,200,138,93,49,0.00106172469881125,0.015344465766102027,69.0,46.5,35.507246376811594,28.01466832622453,43.7848601618918
NPU,PAM4,tpgd/eps0.03_default,tpgd,eps0.03_default,200,138,121,27,0.001061724716564586,0.015285231210291333,69.0,60.5,19.565217391304348,13.809096832293067,26.969912992751212
NPU,PAM4,cw/c1_steps20_lr0.01,cw,c1_steps20_lr0.01,200,138,87,55,0.0013700849933229128,0.01470218507619632,69.0,43.5,39.85507246376812,32.067739659359916,48.19193028232151
NPU,PAM4,deepfool/package_default,deepfool,package_default,200,138,69,75,0.003104011216782919,0.013043074620331887,69.0,34.5,54.347826086956516,46.03182587815556,62.428315575409556
NPU,PAM4,fab/eps0.005,fab,eps0.005,200,138,132,7,1.331024344835582e-05,0.00020359718255377187,69.0,66.0,5.072463768115942,2.4785107968775346,10.100027516283062
NPU,PAM4,fab/eps0.01,fab,eps0.01,200,138,130,11,4.4500120930014474e-05,0.0006574221498467905,69.0,65.0,7.971014492753622,4.50894755777049,13.70968505776684
NPU,PAM4,fab/eps0.03,fab,eps0.03,200,138,114,28,0.00021285387432724143,0.002987294986131635,69.0,56.99999999999999,20.28985507246377,14.427418466892433,27.76161493374603
NPU,PAM4,square/eps0.03_default,square,eps0.03_default,200,138,112,33,0.000620478436831006,0.00990556045146759,69.0,56.00000000000001,23.91304347826087,17.56427649410458,31.6748747845048
NPU,PAM4,apgd/eps0.03_default,apgd,eps0.03_default,200,138,92,49,0.0006239302407629719,0.009072461167633012,69.0,46.0,35.507246376811594,28.01466832622453,43.7848601618918
NPU,PAM4,apgdt/eps0.03_default,apgdt,eps0.03_default,200,138,93,48,0.0006335177250002426,0.008199711141474064,69.0,46.5,34.78260869565217,27.345711642211846,43.043793270310296
NPU,PAM4,autoattack/eps0.03_standard,autoattack,eps0.03_standard,200,138,90,51,0.0006442659165622596,0.009375728726009084,69.0,45.0,36.95652173913043,29.358290439781687,45.261285199522995
NPU,PAM4,ead/package_default,ead,package_default,200,138,104,39,0.0037392761351656622,0.011085368904359658,69.0,52.0,28.26086956521739,21.416175134543288,36.28311759763119
NPU,PAM4,ALL/ALL_24,ALL,ALL_24,4800,3312,2507,898,0.0009747093447064065,0.011115416550040922,69.0,52.22916666666667,27.113526570048307,25.62668164873585,28.653402176740006
NPU,QAM16,fgsm/eps0.005,fgsm,eps0.005,200,104,85,40,0.00016034165775631148,0.0025598125316900634,52.0,42.5,38.46153846153847,29.681114368929627,48.06402294357316
NPU,QAM16,fgsm/eps0.01,fgsm,eps0.01,200,104,57,74,0.0003206811306881225,0.005118624845053952,52.0,28.499999999999996,71.15384615384616,61.816364319205206,78.9842172745397
NPU,QAM16,fgsm/eps0.03,fgsm,eps0.03,200,104,34,102,0.0009620395177625555,0.015344451810233245,52.0,17.0,98.07692307692307,93.25755460364407,99.47103992759435
NPU,QAM16,fgsm/eps0.05,fgsm,eps0.05,200,104,35,102,0.0016033991932635624,0.025548798795789432,52.0,17.5,98.07692307692307,93.25755460364407,99.47103992759435
NPU,QAM16,bim/eps0.03_default,bim,eps0.03_default,200,104,29,103,0.000962039452278937,0.013518287315964654,52.0,14.499999999999998,99.03846153846155,94.75309933230525,99.8300670895579
NPU,QAM16,pgd/eps0.005,pgd,eps0.005,200,104,84,42,0.0001603416333090965,0.00246496891719284,52.0,42.0,40.38461538461539,31.45997514967952,49.994305944072806
NPU,QAM16,pgd/eps0.01,pgd,eps0.01,200,104,41,88,0.000320681100565656,0.004819980636238999,52.0,20.5,84.61538461538461,76.46180635038694,90.30278171210472
NPU,QAM16,pgd/eps0.03,pgd,eps0.03,200,104,32,103,0.0009620394511147854,0.013442958747036706,52.0,16.0,99.03846153846155,94.75309933230525,99.8300670895579
NPU,QAM16,mifgsm/eps0.03_default,mifgsm,eps0.03_default,200,104,31,103,0.000962039465957738,0.014288577861152542,52.0,15.5,99.03846153846155,94.75309933230525,99.8300670895579
NPU,QAM16,difgsm/eps0.03_default,difgsm,eps0.03_default,200,104,33,103,0.0009620394848752265,0.014292617174796716,52.0,16.5,99.03846153846155,94.75309933230525,99.8300670895579
NPU,QAM16,vmifgsm/eps0.03_default,vmifgsm,eps0.03_default,200,104,34,103,0.0009620394866214576,0.01442268109880383,52.0,17.0,99.03846153846155,94.75309933230525,99.8300670895579
NPU,QAM16,vnifgsm/eps0.03_default,vnifgsm,eps0.03_default,200,104,32,103,0.0009620394828379585,0.014523431835696054,52.0,16.0,99.03846153846155,94.75309933230525,99.8300670895579
NPU,QAM16,rfgsm/eps0.03_default,rfgsm,eps0.03_default,200,104,29,103,0.0009620394502416691,0.013461924451403267,52.0,14.499999999999998,99.03846153846155,94.75309933230525,99.8300670895579
NPU,QAM16,tpgd/eps0.03_default,tpgd,eps0.03_default,200,104,60,61,0.0009620394633383905,0.013392337299883317,52.0,30.0,58.65384615384615,49.04590522556228,67.64524179006062
NPU,QAM16,cw/c1_steps20_lr0.01,cw,c1_steps20_lr0.01,200,104,65,74,0.00033351194389974297,0.004023885897765831,52.0,32.5,71.15384615384616,61.816364319205206,78.9842172745397
NPU,QAM16,deepfool/package_default,deepfool,package_default,200,104,113,22,0.0005915164579345853,0.0025646230675192318,52.0,56.49999999999999,21.153846153846153,14.405120914153324,29.957722367103628
NPU,QAM16,fab/eps0.005,fab,eps0.005,200,104,111,11,3.6588725124596526e-05,0.0005648730359554565,52.0,55.50000000000001,10.576923076923077,6.009272630419259,17.953279853965242
NPU,QAM16,fab/eps0.01,fab,eps0.01,200,104,113,15,0.00010473311769599297,0.0015524051564165236,52.0,56.49999999999999,14.423076923076922,8.939528769089234,22.44131127779434
NPU,QAM16,fab/eps0.03,fab,eps0.03,200,104,116,16,0.00018213799179645193,0.002641009039534718,52.0,57.99999999999999,15.384615384615385,9.697218287895284,23.538193649613063
NPU,QAM16,square/eps0.03_default,square,eps0.03_default,200,104,68,69,0.0009571763256098574,0.015272348881480536,52.0,34.0,66.34615384615384,56.82644758725169,74.70127455336936
NPU,QAM16,apgd/eps0.03_default,apgd,eps0.03_default,200,104,27,103,0.0009620394639204685,0.01350753097794945,52.0,13.5,99.03846153846155,94.75309933230525,99.8300670895579
NPU,QAM16,apgdt/eps0.03_default,apgdt,eps0.03_default,200,104,44,102,0.000962039264850264,0.01228337328415359,52.0,22.0,98.07692307692307,93.25755460364407,99.47103992759435
NPU,QAM16,autoattack/eps0.03_standard,autoattack,eps0.03_standard,200,104,28,103,0.0009620394636294295,0.013534039058722504,52.0,14.000000000000002,99.03846153846155,94.75309933230525,99.8300670895579
NPU,QAM16,ead/package_default,ead,package_default,200,104,123,11,0.0014490779902552695,0.002996967143808383,52.0,61.5,10.576923076923077,6.009272630419259,17.953279853965242
NPU,QAM16,ALL/ALL_24,ALL,ALL_24,4800,2496,1424,1756,0.0007401941964720052,0.00983918786934341,52.0,29.666666666666668,70.3525641025641,68.53068326254558,72.11189185101362
NPU,QAM64,fgsm/eps0.005,fgsm,eps0.005,200,110,91,41,0.000156747921428127,0.002503254626644726,55.00000000000001,45.5,37.27272727272727,28.809453277586254,46.59496830468245
NPU,QAM64,fgsm/eps0.01,fgsm,eps0.01,200,110,57,84,0.0003134937735739605,0.005005800280487111,55.00000000000001,28.499999999999996,76.36363636363637,67.61905470088632,83.32892916441425
NPU,QAM64,fgsm/eps0.03,fgsm,eps0.03,200,110,38,106,0.0009404771804110556,0.015008143200539002,55.00000000000001,19.0,96.36363636363636,91.02118658040408,98.57699194133139
NPU,QAM64,fgsm/eps0.05,fgsm,eps0.05,200,110,41,101,0.0015674619597848005,0.024993201838806222,55.00000000000001,20.5,91.81818181818183,85.17805850797745,95.63598486456827
NPU,QAM64,bim/eps0.03_default,bim,eps0.03_default,200,110,29,108,0.0009404771309345455,0.013080537705682169,55.00000000000001,14.499999999999998,98.18181818181819,93.61185758998575,99.49997499142563
NPU,QAM64,pgd/eps0.005,pgd,eps0.005,200,110,85,46,0.000156747906294135,0.0024177335109561195,55.00000000000001,42.5,41.81818181818181,33.02895479049346,51.159601940965
NPU,QAM64,pgd/eps0.01,pgd,eps0.01,200,110,52,91,0.00031349373894040146,0.004731416124850462,55.00000000000001,26.0,82.72727272727273,74.5916025300663,88.65417054409991
NPU,QAM64,pgd/eps0.03,pgd,eps0.03,200,110,28,109,0.000940477088442954,0.013002638001926197,55.00000000000001,14.000000000000002,99.0909090909091,95.02931300620922,99.83934660504013
NPU,QAM64,mifgsm/eps0.03_default,mifgsm,eps0.03_default,200,110,30,109,0.000940477144322307,0.01392540196422483,55.00000000000001,15.0,99.0909090909091,95.02931300620922,99.83934660504013
NPU,QAM64,difgsm/eps0.03_default,difgsm,eps0.03_default,200,110,39,107,0.000940477141702961,0.013951623272150706,55.00000000000001,19.5,97.27272727272728,92.28678565608878,99.06821989548466
NPU,QAM64,vmifgsm/eps0.03_default,vmifgsm,eps0.03_default,200,110,30,108,0.000940477137919464,0.014056286979466625,55.00000000000001,15.0,98.18181818181819,93.61185758998575,99.49997499142563
NPU,QAM64,vnifgsm/eps0.03_default,vnifgsm,eps0.03_default,200,110,30,108,0.0009404771341359655,0.014144942909479092,55.00000000000001,15.0,98.18181818181819,93.61185758998575,99.49997499142563
NPU,QAM64,rfgsm/eps0.03_default,rfgsm,eps0.03_default,200,110,29,108,0.0009404771117260155,0.013017558986321044,55.00000000000001,14.499999999999998,98.18181818181819,93.61185758998575,99.49997499142563
NPU,QAM64,tpgd/eps0.03_default,tpgd,eps0.03_default,200,110,69,61,0.0009404771053231769,0.013042851095087776,55.00000000000001,34.5,55.45454545454545,46.138519294934014,64.4024428840937
NPU,QAM64,cw/c1_steps20_lr0.01,cw,c1_steps20_lr0.01,200,110,30,105,0.00033531520311948595,0.004039233386788488,55.00000000000001,15.0,95.45454545454545,89.79826869848124,98.04308279341629
NPU,QAM64,deepfool/package_default,deepfool,package_default,200,110,17,99,0.0006848516807076079,0.002858071206583141,55.00000000000001,8.5,90.0,82.97634281701123,94.3240464958586
NPU,QAM64,fab/eps0.005,fab,eps0.005,200,110,78,36,3.493234245979133e-05,0.0005342144133925962,55.00000000000001,39.0,32.72727272727273,24.67099922053786,41.949287212541094
NPU,QAM64,fab/eps0.01,fab,eps0.01,200,110,37,77,9.59629201679288e-05,0.0014318402468911759,55.00000000000001,18.5,70.0,60.87996416446292,77.77023049197199
NPU,QAM64,fab/eps0.03,fab,eps0.03,200,110,14,100,0.00018722094842811937,0.002655008289384915,55.00000000000001,7.000000000000001,90.9090909090909,84.07019514690313,94.98702119580463
NPU,QAM64,square/eps0.03_default,square,eps0.03_default,200,110,27,105,0.0009404771713888695,0.015007269424386271,55.00000000000001,13.5,95.45454545454545,89.79826869848124,98.04308279341629
NPU,QAM64,apgd/eps0.03_default,apgd,eps0.03_default,200,110,25,109,0.000940477096009949,0.013061025426723015,55.00000000000001,12.5,99.0909090909091,95.02931300620922,99.83934660504013
NPU,QAM64,apgdt/eps0.03_default,apgdt,eps0.03_default,200,110,33,107,0.0009404770049149615,0.012186728017404622,55.00000000000001,16.5,97.27272727272728,92.28678565608878,99.06821989548466
NPU,QAM64,autoattack/eps0.03_standard,autoattack,eps0.03_standard,200,110,24,109,0.000940477113763286,0.013051179638132404,55.00000000000001,12.0,99.0909090909091,95.02931300620922,99.83934660504013
NPU,QAM64,ead/package_default,ead,package_default,200,110,21,96,0.0015011621930170304,0.003067069651624432,55.00000000000001,10.5,87.27272727272727,79.76481880956428,92.26508941379169
NPU,QAM64,ALL/ALL_24,ALL,ALL_24,4800,2640,954,2230,0.0007322330478715375,0.00961554292491388,55.00000000000001,19.875,84.46969696969697,83.03806831747332,85.8011541230844
NPU,QPSK,fgsm/eps0.005,fgsm,eps0.005,200,107,106,8,0.0001583334722090035,0.002527540358714708,53.5,53.0,7.476635514018691,3.836964356083345,14.06389597072536
NPU,QPSK,fgsm/eps0.01,fgsm,eps0.01,200,107,99,15,0.000316664737620113,0.005054519656114227,53.5,49.5,14.018691588785046,8.683152059205126,21.848345140402238
NPU,QPSK,fgsm/eps0.03,fgsm,eps0.03,200,107,75,42,0.000949990052322344,0.015154850464314173,53.5,37.5,39.25233644859813,30.52640308627042,48.72326490841749
NPU,QPSK,fgsm/eps0.05,fgsm,eps0.05,200,107,41,78,0.0015833165677031037,0.025237492234446064,53.5,20.5,72.89719626168224,63.79066413678491,80.4165649180104
NPU,QPSK,bim/eps0.03_default,bim,eps0.03_default,200,107,53,76,0.0009499899685033116,0.01372915948741133,53.5,26.5,71.02803738317756,61.822676410980534,78.77579925158658
NPU,QPSK,pgd/eps0.005,pgd,eps0.005,200,107,105,9,0.00015833343844856001,0.0024377039005048055,53.5,52.5,8.411214953271028,4.488143661320619,15.217093361602183
NPU,QPSK,pgd/eps0.01,pgd,eps0.01,200,107,100,16,0.000316664702695516,0.004773828916950103,53.5,50.0,14.953271028037381,9.41875070353093,22.917123192190523
NPU,QPSK,pgd/eps0.03,pgd,eps0.03,200,107,52,73,0.0009499899370711755,0.013614369230344843,53.5,26.0,68.22429906542055,58.90163288906902,76.28371268515582
NPU,QPSK,mifgsm/eps0.03_default,mifgsm,eps0.03_default,200,107,50,72,0.000949990034569007,0.014299700288101982,53.5,25.0,67.28971962616822,57.93579178987817,75.44517708823257
NPU,QPSK,difgsm/eps0.03_default,difgsm,eps0.03_default,200,107,49,73,0.0009499900109949035,0.014399411147460295,53.5,24.5,68.22429906542055,58.90163288906902,76.28371268515582
NPU,QPSK,vmifgsm/eps0.03_default,vmifgsm,eps0.03_default,200,107,51,73,0.0009499900270020115,0.014415263533592173,53.5,25.5,68.22429906542055,58.90163288906902,76.28371268515582
NPU,QPSK,vnifgsm/eps0.03_default,vnifgsm,eps0.03_default,200,107,54,74,0.000949990017106708,0.01448137371335174,53.5,27.0,69.1588785046729,59.87133170070399,77.11839056963493
NPU,QPSK,rfgsm/eps0.03_default,rfgsm,eps0.03_default,200,107,56,74,0.0009499899356159836,0.013653500531800042,53.5,28.000000000000004,69.1588785046729,59.87133170070399,77.11839056963493
NPU,QPSK,tpgd/eps0.03_default,tpgd,eps0.03_default,200,107,77,46,0.0009499899297952164,0.013580259857699227,53.5,38.5,42.99065420560748,34.013913708365806,52.45326107077849
NPU,QPSK,cw/c1_steps20_lr0.01,cw,c1_steps20_lr0.01,200,107,16,99,0.0007764979737839402,0.008242362643172354,53.5,8.0,92.5233644859813,85.93610402927465,96.16303564391664
NPU,QPSK,deepfool/package_default,deepfool,package_default,200,107,47,66,0.0014892525353934153,0.0063928721882507014,53.5,23.5,61.6822429906542,52.21754771468577,70.3371609867404
NPU,QPSK,fab/eps0.005,fab,eps0.005,200,107,105,4,1.629156446142404e-05,0.00025000095140436036,53.5,52.5,3.7383177570093453,1.4631662528342755,9.220187289518053
NPU,QPSK,fab/eps0.01,fab,eps0.01,200,107,101,10,5.379312970034413e-05,0.0007863687008709229,53.5,50.5,9.345794392523365,5.155771001191554,16.35384271784534
NPU,QPSK,fab/eps0.03,fab,eps0.03,200,107,72,41,0.00030263855915106213,0.004251552467118432,53.5,36.0,38.31775700934579,29.662839013259596,47.78245228531422
NPU,QPSK,square/eps0.03_default,square,eps0.03_default,200,107,42,70,0.0009054338108398504,0.014448136839269233,53.5,21.0,65.42056074766354,56.015355580043,73.75685990583956
NPU,QPSK,apgd/eps0.03_default,apgd,eps0.03_default,200,107,54,80,0.0008648112809896289,0.012554658898050193,53.5,27.0,74.76635514018692,65.7762993970251,82.0396830499984
NPU,QPSK,apgdt/eps0.03_default,apgdt,eps0.03_default,200,107,28,87,0.0008890100548887396,0.011489031119116333,53.5,14.000000000000002,81.30841121495327,72.88499863918516,87.561620680637
NPU,QPSK,autoattack/eps0.03_standard,autoattack,eps0.03_standard,200,107,40,91,0.0009093262209352812,0.013205214969666519,53.5,20.0,85.04672897196261,77.08287680780947,90.58124929646907
NPU,QPSK,ead/package_default,ead,package_default,200,107,41,72,0.0023280209567746583,0.005881315363299061,53.5,20.5,67.28971962616822,57.93579178987817,75.44517708823257
NPU,QPSK,ALL/ALL_24,ALL,ALL_24,4800,2568,1514,1349,0.0008174291216073042,0.010202520310875991,53.5,31.541666666666668,52.53115264797508,50.59741495172996,54.45732869966755
NPU,WBFM,fgsm/eps0.005,fgsm,eps0.005,200,19,16,12,0.0001332796888891321,0.0021277511556399478,9.5,8.0,63.1578947368421,41.03915749815672,80.85072762372616
NPU,WBFM,fgsm/eps0.01,fgsm,eps0.01,200,19,15,15,0.000266557614813742,0.004254874961916306,9.5,7.5,78.94736842105263,56.66528575973392,91.49246150840843
NPU,WBFM,fgsm/eps0.03,fgsm,eps0.03,200,19,8,19,0.0007996694528264454,0.01275528051424767,9.5,4.0,100.0,83.18156346315496,100.00000000000003
NPU,WBFM,fgsm/eps0.05,fgsm,eps0.05,200,19,8,19,0.0013327824341831255,0.02123966786544765,9.5,4.0,100.0,83.18156346315496,100.00000000000003
NPU,WBFM,bim/eps0.03_default,bim,eps0.03_default,200,19,4,18,0.0007996694196480775,0.01161780714523042,9.5,2.0,94.73684210526315,75.3607846634548,99.064824750947
NPU,WBFM,pgd/eps0.005,pgd,eps0.005,200,19,13,12,0.00013327968481459618,0.0020577012089779078,9.5,6.5,63.1578947368421,41.03915749815672,80.85072762372616
NPU,WBFM,pgd/eps0.01,pgd,eps0.01,200,19,15,15,0.000266557599388711,0.004026442121248642,9.5,7.5,78.94736842105263,56.66528575973392,91.49246150840843
NPU,WBFM,pgd/eps0.03,pgd,eps0.03,200,19,6,19,0.000799669385596595,0.011476627078372936,9.5,3.0,100.0,83.18156346315496,100.00000000000003
NPU,WBFM,mifgsm/eps0.03_default,mifgsm,eps0.03_default,200,19,7,19,0.0007996694173197714,0.01204156177584077,9.5,3.5000000000000004,100.0,83.18156346315496,100.00000000000003
NPU,WBFM,difgsm/eps0.03_default,difgsm,eps0.03_default,200,19,5,18,0.000799669411790043,0.012100491821765851,9.5,2.5,94.73684210526315,75.3607846634548,99.064824750947
NPU,WBFM,vmifgsm/eps0.03_default,vmifgsm,eps0.03_default,200,19,6,19,0.0007996694243046899,0.012146169154439073,9.5,3.0,100.0,83.18156346315496,100.00000000000003
NPU,WBFM,vnifgsm/eps0.03_default,vnifgsm,eps0.03_default,200,19,4,19,0.0007996694295433795,0.012195919912774064,9.5,2.0,100.0,83.18156346315496,100.00000000000003
NPU,WBFM,rfgsm/eps0.03_default,rfgsm,eps0.03_default,200,19,3,19,0.000799669389089054,0.01153936664108182,9.5,1.5,100.0,83.18156346315496,100.00000000000003
NPU,WBFM,tpgd/eps0.03_default,tpgd,eps0.03_default,200,19,8,15,0.00079966938996217,0.011494744385126926,9.5,4.0,78.94736842105263,56.66528575973392,91.49246150840843
NPU,WBFM,cw/c1_steps20_lr0.01,cw,c1_steps20_lr0.01,200,19,23,11,0.0004496667896455118,0.004594811307111732,9.5,11.5,57.89473684210527,36.275551465160106,76.85837960796962
NPU,WBFM,deepfool/package_default,deepfool,package_default,200,19,23,5,0.0008475902929785176,0.003718856907216787,9.5,11.5,26.31578947368421,11.806238339540162,48.791968441070644
NPU,WBFM,fab/eps0.005,fab,eps0.005,200,19,24,0,2.3118178469296566e-05,0.0003532824838267095,9.5,12.0,0.0,0.0,16.818436536845052
NPU,WBFM,fab/eps0.01,fab,eps0.01,200,19,25,2,6.5607555115986e-05,0.0009739297970743909,9.5,12.5,10.526315789473683,2.9357941395096594,31.3945504948417
NPU,WBFM,fab/eps0.03,fab,eps0.03,200,19,26,2,0.00022802322415368896,0.0031943019020026393,9.5,13.0,10.526315789473683,2.9357941395096594,31.3945504948417
NPU,WBFM,square/eps0.03_default,square,eps0.03_default,200,19,16,15,0.0007996694394386831,0.012768914499320043,9.5,8.0,78.94736842105263,56.66528575973392,91.49246150840843
NPU,WBFM,apgd/eps0.03_default,apgd,eps0.03_default,200,19,4,19,0.000799669375119216,0.011678520422428798,9.5,2.0,100.0,83.18156346315496,100.00000000000003
NPU,WBFM,apgdt/eps0.03_default,apgdt,eps0.03_default,200,19,17,16,0.0007996692511369015,0.010696389507502265,9.5,8.5,84.21052631578947,62.434072356823314,94.47962896007218
NPU,WBFM,autoattack/eps0.03_standard,autoattack,eps0.03_standard,200,19,1,19,0.000799669383268289,0.011638265715446277,9.5,0.5,100.0,83.18156346315496,100.00000000000003
NPU,WBFM,ead/package_default,ead,package_default,200,19,28,5,0.0015711754144285331,0.003381569773277941,9.5,14.000000000000002,26.31578947368421,11.806238339540162,48.791968441070644
NPU,WBFM,ALL/ALL_24,ALL,ALL_24,4800,456,305,332,0.0006547225269135065,0.008503052002388232,9.5,6.354166666666666,72.80701754385966,68.5450901336265,76.68787704463662
