backend,profile,attack,attack_profile,topk,n,n_clean_correct,n_attack_success,n_recovered,n_defended_correct,n_retained,n_retained_nodef,n_clean_topk_correct,n_clean_degraded,recovery_pct,recovery_ci95_lo_pct,recovery_ci95_hi_pct,defended_acc_pct,retention_pct,retention_nodef_pct,retention_gain_pp,clean_topk_acc_pct,clean_degradation_pct
CPU,fgsm/eps0.005,fgsm,eps0.005,10,2200,1298,219,69,597,464,1079,594,822,31.506849315068493,25.71797319223415,37.93333787356326,27.136363636363637,35.74730354391371,83.12788906009246,-47.38058551617875,27.0,63.32819722650231
CPU,fgsm/eps0.005,fgsm,eps0.005,20,2200,1298,219,77,961,825,1079,1002,426,35.15981735159817,29.141358159284554,41.68994084413312,43.68181818181818,63.559322033898304,83.12788906009246,-19.568567026194152,45.54545454545455,32.81972265023113
CPU,fgsm/eps0.005,fgsm,eps0.005,30,2200,1298,219,80,1068,937,1079,1101,307,36.5296803652968,30.43546327248604,43.088331207539234,48.54545454545455,72.1879815100154,83.12788906009246,-10.939907550077052,50.04545454545455,23.651771956856702
CPU,fgsm/eps0.005,fgsm,eps0.005,40,2200,1298,219,76,1155,1044,1079,1211,165,34.70319634703196,28.711215606029842,41.22258490518529,52.5,80.43143297380585,83.12788906009246,-2.6964560862866023,55.04545454545454,12.711864406779661
CPU,fgsm/eps0.01,fgsm,eps0.01,10,2200,1298,408,134,583,444,890,594,822,32.84313725490196,28.4645037559805,37.54184431570532,26.5,34.20647149460709,68.56702619414484,-34.36055469953776,27.0,63.32819722650231
CPU,fgsm/eps0.01,fgsm,eps0.01,20,2200,1298,408,135,915,760,890,1002,426,33.088235294117645,28.69882293734128,37.79314873332045,41.590909090909086,58.55161787365177,68.56702619414484,-10.015408320493073,45.54545454545455,32.81972265023113
CPU,fgsm/eps0.01,fgsm,eps0.01,30,2200,1298,408,133,1005,844,890,1101,307,32.59803921568628,28.230323037209438,37.29040143550046,45.68181818181819,65.0231124807396,68.56702619414484,-3.543913713405246,50.04545454545455,23.651771956856702
CPU,fgsm/eps0.01,fgsm,eps0.01,40,2200,1298,408,147,1103,951,890,1211,165,36.029411764705884,31.52118876855553,40.798266089817204,50.13636363636363,73.26656394453005,68.56702619414484,4.699537750385204,55.04545454545454,12.711864406779661
CPU,fgsm/eps0.03,fgsm,eps0.03,10,2200,1298,839,213,555,380,459,594,822,25.387365911799765,22.559094186842813,28.44000220327368,25.227272727272727,29.275808936825886,35.36209553158706,-6.086286594761173,27.0,63.32819722650231
CPU,fgsm/eps0.03,fgsm,eps0.03,20,2200,1298,839,149,698,488,459,1002,426,17.759237187127532,15.321892937414667,20.490482721309345,31.727272727272727,37.59630200308167,35.36209553158706,2.234206471494609,45.54545454545455,32.81972265023113
CPU,fgsm/eps0.03,fgsm,eps0.03,30,2200,1298,839,141,753,521,459,1101,307,16.805721096543504,14.4280866542356,19.485948913064355,34.22727272727273,40.1386748844376,35.36209553158706,4.77657935285054,50.04545454545455,23.651771956856702
CPU,fgsm/eps0.03,fgsm,eps0.03,40,2200,1298,839,124,770,542,459,1211,165,14.779499404052443,12.538669658830129,17.341393214193698,35.0,41.75654853620955,35.36209553158706,6.394453004622491,55.04545454545454,12.711864406779661
CPU,fgsm/eps0.05,fgsm,eps0.05,10,2200,1298,1035,201,525,330,263,594,822,19.420289855072465,17.12512334594107,21.941621767077127,23.863636363636363,25.423728813559322,20.261941448382125,5.161787365177197,27.0,63.32819722650231
CPU,fgsm/eps0.05,fgsm,eps0.05,20,2200,1298,1035,135,567,345,263,1002,426,13.043478260869565,11.127590999002077,15.232693379290051,25.772727272727273,26.57935285053929,20.261941448382125,6.317411402157166,45.54545454545455,32.81972265023113
CPU,fgsm/eps0.05,fgsm,eps0.05,30,2200,1298,1035,100,548,323,263,1101,307,9.66183574879227,8.008241554079609,11.613768192160817,24.90909090909091,24.884437596302003,20.261941448382125,4.622496147919879,50.04545454545455,23.651771956856702
CPU,fgsm/eps0.05,fgsm,eps0.05,40,2200,1298,1035,75,539,302,263,1211,165,7.246376811594203,5.8200222048410355,8.988934232791035,24.5,23.26656394453005,20.261941448382125,3.004622496147924,55.04545454545454,12.711864406779661
CPU,bim/eps0.03_default,bim,eps0.03_default,10,2200,1298,1055,265,560,365,243,594,822,25.118483412322274,22.594887829706952,27.82262504473999,25.454545454545453,28.120184899845917,18.7211093990755,9.399075500770415,27.0,63.32819722650231
CPU,bim/eps0.03_default,bim,eps0.03_default,20,2200,1298,1055,200,643,411,243,1002,426,18.95734597156398,16.70634085976793,21.433603774065872,29.22727272727273,31.664098613251156,18.7211093990755,12.942989214175654,45.54545454545455,32.81972265023113
CPU,bim/eps0.03_default,bim,eps0.03_default,30,2200,1298,1055,170,646,394,243,1101,307,16.113744075829384,14.018733814471895,18.45464086215585,29.363636363636363,30.354391371340522,18.7211093990755,11.63328197226502,50.04545454545455,23.651771956856702
CPU,bim/eps0.03_default,bim,eps0.03_default,40,2200,1298,1055,132,618,362,243,1211,165,12.511848341232227,10.650367687185009,14.645351710315047,28.09090909090909,27.889060092449924,18.7211093990755,9.167950693374422,55.04545454545454,12.711864406779661
CPU,pgd/eps0.005,pgd,eps0.005,10,2200,1298,249,73,590,461,1049,594,822,29.31726907630522,24.01159501258542,35.25143765292532,26.81818181818182,35.516178736517716,80.81664098613251,-45.300462249614796,27.0,63.32819722650231
CPU,pgd/eps0.005,pgd,eps0.005,20,2200,1298,249,82,966,825,1049,1002,426,32.93172690763052,27.392334184477434,38.98978015113823,43.90909090909091,63.559322033898304,80.81664098613251,-17.257318952234208,45.54545454545455,32.81972265023113
CPU,pgd/eps0.005,pgd,eps0.005,30,2200,1298,249,92,1070,936,1049,1101,307,36.94779116465863,31.19335681475498,43.098848265421694,48.63636363636364,72.11093990755008,80.81664098613251,-8.705701078582436,50.04545454545455,23.651771956856702
CPU,pgd/eps0.005,pgd,eps0.005,40,2200,1298,249,99,1170,1055,1049,1211,165,39.75903614457831,33.88015077275043,45.94911782861896,53.18181818181819,81.2788906009245,80.81664098613251,0.4622496147919861,55.04545454545454,12.711864406779661
CPU,pgd/eps0.01,pgd,eps0.01,10,2200,1298,471,147,579,442,827,594,822,31.210191082802545,27.19177751857229,35.53263415892184,26.31818181818182,34.05238828967643,63.71340523882897,-29.66101694915254,27.0,63.32819722650231
CPU,pgd/eps0.01,pgd,eps0.01,20,2200,1298,471,151,907,749,827,1002,426,32.05944798301486,28.004259310916407,36.404924720137316,41.22727272727273,57.704160246533135,63.71340523882897,-6.009244992295834,45.54545454545455,32.81972265023113
CPU,pgd/eps0.01,pgd,eps0.01,30,2200,1298,471,158,996,834,827,1101,307,33.54564755838641,29.429884991999895,37.927650657783104,45.27272727272727,64.25269645608628,63.71340523882897,0.5392912172573148,50.04545454545455,23.651771956856702
CPU,pgd/eps0.01,pgd,eps0.01,40,2200,1298,471,160,1052,915,827,1211,165,33.97027600849257,29.83807200701189,38.361849819550905,47.81818181818182,70.49306625577813,63.71340523882897,6.779661016949163,55.04545454545454,12.711864406779661
CPU,pgd/eps0.03,pgd,eps0.03,10,2200,1298,1044,265,565,369,254,594,822,25.383141762452105,22.83673304212539,28.110051281001304,25.681818181818183,28.42835130970724,19.568567026194145,8.859784283513093,27.0,63.32819722650231
CPU,pgd/eps0.03,pgd,eps0.03,20,2200,1298,1044,189,650,416,254,1002,426,18.103448275862068,15.886030221433547,20.55474479646992,29.545454545454547,32.04930662557781,19.568567026194145,12.480739599383668,45.54545454545455,32.81972265023113
CPU,pgd/eps0.03,pgd,eps0.03,30,2200,1298,1044,172,666,409,254,1101,307,16.47509578544061,14.348538692035026,18.847471086542193,30.272727272727273,31.51001540832049,19.568567026194145,11.941448382126346,50.04545454545455,23.651771956856702
CPU,pgd/eps0.03,pgd,eps0.03,40,2200,1298,1044,141,643,386,254,1211,165,13.505747126436782,11.565742155371458,15.713342775022596,29.22727272727273,29.738058551617875,19.568567026194145,10.16949152542373,55.04545454545454,12.711864406779661
CPU,mifgsm/eps0.03_default,mifgsm,eps0.03_default,10,2200,1298,1030,251,549,358,268,594,822,24.368932038834952,21.84547860517811,27.08286786491944,24.954545454545453,27.5808936825886,20.647149460708782,6.933744221879817,27.0,63.32819722650231
CPU,mifgsm/eps0.03_default,mifgsm,eps0.03_default,20,2200,1298,1030,182,651,411,268,1002,426,17.66990291262136,15.461921672311801,20.118151716106702,29.59090909090909,31.664098613251156,20.647149460708782,11.016949152542374,45.54545454545455,32.81972265023113
CPU,mifgsm/eps0.03_default,mifgsm,eps0.03_default,30,2200,1298,1030,164,672,412,268,1101,307,15.922330097087379,13.815017434785565,18.282897758412314,30.545454545454547,31.741140215716484,20.647149460708782,11.093990755007702,50.04545454545455,23.651771956856702
CPU,mifgsm/eps0.03_default,mifgsm,eps0.03_default,40,2200,1298,1030,122,633,373,268,1211,165,11.844660194174757,10.011577586593704,13.961301817756052,28.772727272727273,28.736517719568567,20.647149460708782,8.089368258859785,55.04545454545454,12.711864406779661
CPU,difgsm/eps0.03_default,difgsm,eps0.03_default,10,2200,1298,971,223,556,356,327,594,822,22.966014418125642,20.42997990277425,25.71511690064489,25.272727272727273,27.426810477657938,25.19260400616333,2.234206471494609,27.0,63.32819722650231
CPU,difgsm/eps0.03_default,difgsm,eps0.03_default,20,2200,1298,971,102,557,329,327,1002,426,10.50463439752832,8.729218803845347,12.591332145149856,25.318181818181817,25.346687211093993,25.19260400616333,0.1540832049306644,45.54545454545455,32.81972265023113
CPU,difgsm/eps0.03_default,difgsm,eps0.03_default,30,2200,1298,971,94,579,342,327,1101,307,9.680741503604532,7.976604120545012,11.702654540554393,26.31818181818182,26.348228043143294,25.19260400616333,1.1556240369799653,50.04545454545455,23.651771956856702
CPU,difgsm/eps0.03_default,difgsm,eps0.03_default,40,2200,1298,971,79,583,346,327,1211,165,8.135942327497425,6.576814934657698,10.025020686637086,26.5,26.656394453004623,25.19260400616333,1.4637904468412941,55.04545454545454,12.711864406779661
CPU,vmifgsm/eps0.03_default,vmifgsm,eps0.03_default,10,2200,1298,1039,254,552,356,259,594,822,24.446583253128008,21.930565341883813,27.150867543033698,25.09090909090909,27.426810477657938,19.953775038520803,7.473035439137135,27.0,63.32819722650231
CPU,vmifgsm/eps0.03_default,vmifgsm,eps0.03_default,20,2200,1298,1039,179,639,402,259,1002,426,17.22810394610202,15.053690869436448,19.643965994271323,29.045454545454547,30.970724191063177,19.953775038520803,11.016949152542374,45.54545454545455,32.81972265023113
CPU,vmifgsm/eps0.03_default,vmifgsm,eps0.03_default,30,2200,1298,1039,155,646,394,259,1101,307,14.918190567853706,12.881229074194648,17.213619462726008,29.363636363636363,30.354391371340522,19.953775038520803,10.40061633281972,50.04545454545455,23.651771956856702
CPU,vmifgsm/eps0.03_default,vmifgsm,eps0.03_default,40,2200,1298,1039,122,622,369,259,1211,165,11.742059672762272,9.924046108267065,13.841940979321308,28.272727272727273,28.42835130970724,19.953775038520803,8.474576271186436,55.04545454545454,12.711864406779661
CPU,vnifgsm/eps0.03_default,vnifgsm,eps0.03_default,10,2200,1298,1033,243,532,346,265,594,822,23.523717328170378,21.038189440498005,26.20543967314866,24.181818181818183,26.656394453004623,20.41602465331279,6.240369799691834,27.0,63.32819722650231
CPU,vnifgsm/eps0.03_default,vnifgsm,eps0.03_default,20,2200,1298,1033,171,647,401,265,1002,426,16.55372700871249,14.411951869088469,18.943345603543797,29.409090909090907,30.893682588597844,20.41602465331279,10.477657935285055,45.54545454545455,32.81972265023113
CPU,vnifgsm/eps0.03_default,vnifgsm,eps0.03_default,30,2200,1298,1033,141,638,383,265,1101,307,13.649564375605033,11.69017424258058,15.87831837962902,28.999999999999996,29.50693374422188,20.41602465331279,9.09090909090909,50.04545454545455,23.651771956856702
CPU,vnifgsm/eps0.03_default,vnifgsm,eps0.03_default,40,2200,1298,1033,110,611,359,265,1211,165,10.648596321393997,8.911172058192145,12.677622218580703,27.77272727272727,27.65793528505393,20.41602465331279,7.241910631741142,55.04545454545454,12.711864406779661
CPU,rfgsm/eps0.03_default,rfgsm,eps0.03_default,10,2200,1298,1045,268,571,373,253,594,822,25.645933014354068,23.090839368220344,28.379430308344727,25.954545454545453,28.736517719568567,19.491525423728813,9.244992295839754,27.0,63.32819722650231
CPU,rfgsm/eps0.03_default,rfgsm,eps0.03_default,20,2200,1298,1045,186,653,408,253,1002,426,17.799043062200955,15.599053078073965,20.234918419624066,29.68181818181818,31.432973805855163,19.491525423728813,11.94144838212635,45.54545454545455,32.81972265023113
CPU,rfgsm/eps0.03_default,rfgsm,eps0.03_default,30,2200,1298,1045,169,641,402,253,1101,307,16.172248803827753,14.064374277115107,18.527925646915364,29.136363636363637,30.970724191063177,19.491525423728813,11.479198767334363,50.04545454545455,23.651771956856702
CPU,rfgsm/eps0.03_default,rfgsm,eps0.03_default,40,2200,1298,1045,138,632,378,253,1211,165,13.205741626794259,11.287146728355804,15.393869737810299,28.72727272727273,29.121725731895225,19.491525423728813,9.630200308166412,55.04545454545454,12.711864406779661
CPU,tpgd/eps0.03_default,tpgd,eps0.03_default,10,2200,1298,616,143,587,422,682,594,822,23.214285714285715,20.05236258935743,26.70822914891893,26.681818181818183,32.5115562403698,52.54237288135594,-20.03081664098614,27.0,63.32819722650231
CPU,tpgd/eps0.03_default,tpgd,eps0.03_default,20,2200,1298,616,109,821,660,682,1002,426,17.694805194805195,14.8839975899447,20.906049415612852,37.31818181818182,50.847457627118644,52.54237288135594,-1.6949152542372943,45.54545454545455,32.81972265023113
CPU,tpgd/eps0.03_default,tpgd,eps0.03_default,30,2200,1298,616,104,862,691,682,1101,307,16.883116883116884,14.132151366647152,20.044580237039984,39.18181818181819,53.23574730354391,52.54237288135594,0.6933744221879721,50.04545454545455,23.651771956856702
CPU,tpgd/eps0.03_default,tpgd,eps0.03_default,40,2200,1298,616,79,886,714,682,1211,165,12.824675324675324,10.412711301462432,15.69744329287264,40.27272727272727,55.007704160246526,52.54237288135594,2.465331278890588,55.04545454545454,12.711864406779661
CPU,cw/c1_steps20_lr0.01,cw,c1_steps20_lr0.01,10,2200,1298,1185,383,556,408,113,594,822,32.32067510548523,29.718533123717933,35.03707435165976,25.272727272727273,31.432973805855163,8.705701078582434,22.727272727272727,27.0,63.32819722650231
CPU,cw/c1_steps20_lr0.01,cw,c1_steps20_lr0.01,20,2200,1298,1185,480,749,584,113,1002,426,40.50632911392405,37.74628113683766,43.32773242392602,34.04545454545455,44.99229583975347,8.705701078582434,36.28659476117103,45.54545454545455,32.81972265023113
CPU,cw/c1_steps20_lr0.01,cw,c1_steps20_lr0.01,30,2200,1298,1185,509,769,616,113,1101,307,42.95358649789029,40.16236853093274,45.79034375638963,34.95454545454545,47.45762711864407,8.705701078582434,38.75192604006163,50.04545454545455,23.651771956856702
CPU,cw/c1_steps20_lr0.01,cw,c1_steps20_lr0.01,40,2200,1298,1185,570,818,678,113,1211,165,48.10126582278481,45.26718304312372,50.94761966902901,37.18181818181818,52.2342064714946,8.705701078582434,43.528505392912166,55.04545454545454,12.711864406779661
CPU,deepfool/package_default,deepfool,package_default,10,2200,1298,1279,417,565,417,19,594,822,32.60359655981235,30.089966245517687,35.22141748260588,25.681818181818183,32.12634822804314,1.4637904468412943,30.662557781201848,27.0,63.32819722650231
CPU,deepfool/package_default,deepfool,package_default,20,2200,1298,1279,589,768,597,19,1002,426,46.05160281469898,43.335797796374756,48.79105558910946,34.909090909090914,45.993836671802775,1.4637904468412943,44.53004622496148,45.54545454545455,32.81972265023113
CPU,deepfool/package_default,deepfool,package_default,30,2200,1298,1279,663,825,672,19,1101,307,51.83737294761532,49.097565416783254,54.56617607710032,37.5,51.771956856702616,1.4637904468412943,50.30816640986132,50.04545454545455,23.651771956856702
CPU,deepfool/package_default,deepfool,package_default,40,2200,1298,1279,723,877,736,19,1211,165,56.5285379202502,53.7961934479848,59.221781647303665,39.86363636363636,56.70261941448382,1.4637904468412943,55.238828967642526,55.04545454545454,12.711864406779661
CPU,fab/eps0.005,fab,eps0.005,10,2200,1298,252,73,591,471,1046,594,822,28.968253968253972,23.71658951146694,34.85152450908329,26.863636363636363,36.28659476117103,80.58551617873651,-44.29892141756548,27.0,63.32819722650231
CPU,fab/eps0.005,fab,eps0.005,20,2200,1298,252,94,1002,866,1046,1002,426,37.301587301587304,31.563183561973645,43.421338110811384,45.54545454545455,66.71802773497689,80.58551617873651,-13.867488443759626,45.54545454545455,32.81972265023113
CPU,fab/eps0.005,fab,eps0.005,30,2200,1298,252,104,1093,972,1046,1101,307,41.269841269841265,35.36672542445015,47.43513322558955,49.68181818181818,74.884437596302,80.58551617873651,-5.701078582434505,50.04545454545455,23.651771956856702
CPU,fab/eps0.005,fab,eps0.005,40,2200,1298,252,123,1192,1103,1046,1211,165,48.80952380952381,42.702214462329216,54.95258444449438,54.18181818181819,84.9768875192604,80.58551617873651,4.391371340523889,55.04545454545454,12.711864406779661
CPU,fab/eps0.01,fab,eps0.01,10,2200,1298,471,152,583,463,827,594,822,32.27176220806794,28.207627894076865,36.62274922536675,26.5,35.67026194144838,63.71340523882897,-28.04314329738059,27.0,63.32819722650231
CPU,fab/eps0.01,fab,eps0.01,20,2200,1298,471,193,982,845,827,1002,426,40.976645435244166,36.62558725760465,45.473706485824735,44.63636363636363,65.10015408320493,63.71340523882897,1.3867488443759584,45.54545454545455,32.81972265023113
CPU,fab/eps0.01,fab,eps0.01,30,2200,1298,471,218,1062,932,827,1101,307,46.28450106157113,41.82959559954338,50.799525353633435,48.27272727272727,71.80277349768875,63.71340523882897,8.089368258859778,50.04545454545455,23.651771956856702
CPU,fab/eps0.01,fab,eps0.01,40,2200,1298,471,260,1158,1057,827,1211,165,55.20169851380042,50.68652254607726,59.63270811947521,52.63636363636364,81.43297380585516,63.71340523882897,17.719568567026187,55.04545454545454,12.711864406779661
CPU,fab/eps0.03,fab,eps0.03,10,2200,1298,1030,316,573,441,268,594,822,30.679611650485437,27.939333688111407,33.56347293139394,26.045454545454543,33.97534668721109,20.647149460708782,13.328197226502311,27.0,63.32819722650231
CPU,fab/eps0.03,fab,eps0.03,20,2200,1298,1030,437,859,702,268,1002,426,42.42718446601942,39.442464594180834,45.4681832265298,39.04545454545455,54.08320493066255,20.647149460708782,33.43605546995377,45.54545454545455,32.81972265023113
CPU,fab/eps0.03,fab,eps0.03,30,2200,1298,1030,509,915,775,268,1101,307,49.41747572815534,46.37195789916916,52.46732270242397,41.590909090909086,59.70724191063174,20.647149460708782,39.060092449922955,50.04545454545455,23.651771956856702
CPU,fab/eps0.03,fab,eps0.03,40,2200,1298,1030,607,991,875,268,1211,165,58.93203883495146,55.89980379816676,61.89789364407198,45.04545454545455,67.41140215716487,20.647149460708782,46.76425269645609,55.04545454545454,12.711864406779661
CPU,square/eps0.03_default,square,eps0.03_default,10,2200,1298,1088,287,555,392,210,594,822,26.378676470588236,23.846472369376784,29.077101892677344,25.227272727272727,30.20030816640986,16.178736517719567,14.021571648690294,27.0,63.32819722650231
CPU,square/eps0.03_default,square,eps0.03_default,20,2200,1298,1088,325,701,529,210,1002,426,29.871323529411764,27.22633768174086,32.65795322639087,31.863636363636367,40.75500770416024,16.178736517719567,24.576271186440675,45.54545454545455,32.81972265023113
CPU,square/eps0.03_default,square,eps0.03_default,30,2200,1298,1088,376,756,581,210,1101,307,34.55882352941176,31.791771203582194,37.43453415060106,34.36363636363636,44.761171032357474,16.178736517719567,28.582434514637907,50.04545454545455,23.651771956856702
CPU,square/eps0.03_default,square,eps0.03_default,40,2200,1298,1088,414,781,623,210,1211,165,38.05147058823529,35.21330371283031,40.97371828743053,35.5,47.996918335901384,16.178736517719567,31.818181818181817,55.04545454545454,12.711864406779661
CPU,apgd/eps0.03_default,apgd,eps0.03_default,10,2200,1298,1068,265,562,370,230,594,822,24.812734082397004,22.31560124518281,27.4904148676458,25.545454545454543,28.50539291217257,17.719568567026194,10.785824345146377,27.0,63.32819722650231
CPU,apgd/eps0.03_default,apgd,eps0.03_default,20,2200,1298,1068,201,655,428,230,1002,426,18.820224719101123,16.589249097500126,21.274703934365775,29.772727272727273,32.973805855161785,17.719568567026194,15.254237288135592,45.54545454545455,32.81972265023113
CPU,apgd/eps0.03_default,apgd,eps0.03_default,30,2200,1298,1068,175,652,402,230,1101,307,16.38576779026217,14.28700034219382,18.725489563030987,29.63636363636364,30.970724191063177,17.719568567026194,13.251155624036983,50.04545454545455,23.651771956856702
CPU,apgd/eps0.03_default,apgd,eps0.03_default,40,2200,1298,1068,140,620,369,230,1211,165,13.108614232209737,11.216021521477156,15.265652636346157,28.18181818181818,28.42835130970724,17.719568567026194,10.708782742681045,55.04545454545454,12.711864406779661
CPU,apgdt/eps0.03_default,apgdt,eps0.03_default,10,2200,1298,1094,275,571,376,204,594,822,25.13711151736746,22.656516632215656,27.791708321183823,25.954545454545453,28.96764252696456,15.716486902927581,13.25115562403698,27.0,63.32819722650231
CPU,apgdt/eps0.03_default,apgdt,eps0.03_default,20,2200,1298,1094,212,651,416,204,1002,426,19.378427787934186,17.14498239252878,21.826177016988943,29.59090909090909,32.04930662557781,15.716486902927581,16.332819722650232,45.54545454545455,32.81972265023113
CPU,apgdt/eps0.03_default,apgdt,eps0.03_default,30,2200,1298,1094,217,667,421,204,1101,307,19.83546617915905,17.57981790111522,22.302219726170904,30.318181818181817,32.43451463790446,15.716486902927581,16.718027734976882,50.04545454545455,23.651771956856702
CPU,apgdt/eps0.03_default,apgdt,eps0.03_default,40,2200,1298,1094,205,667,409,204,1211,165,18.738574040219376,16.537050657986246,21.158879246655733,30.318181818181817,31.51001540832049,15.716486902927581,15.79352850539291,55.04545454545454,12.711864406779661
CPU,autoattack/eps0.03_standard,autoattack,eps0.03_standard,10,2200,1298,1114,275,565,374,184,594,822,24.685816876122082,22.243600763366654,27.30202358985119,25.681818181818183,28.8135593220339,14.175654853620955,14.637904468412945,27.0,63.32819722650231
CPU,autoattack/eps0.03_standard,autoattack,eps0.03_standard,20,2200,1298,1114,230,648,414,184,1002,426,20.646319569120287,18.372200955979896,23.12219324083653,29.454545454545457,31.895223420647152,14.175654853620955,17.719568567026197,45.54545454545455,32.81972265023113
CPU,autoattack/eps0.03_standard,autoattack,eps0.03_standard,30,2200,1298,1114,194,615,378,184,1101,307,17.41472172351885,15.300701885424736,19.752708186270564,27.954545454545453,29.121725731895225,14.175654853620955,14.94607087827427,50.04545454545455,23.651771956856702
CPU,autoattack/eps0.03_standard,autoattack,eps0.03_standard,40,2200,1298,1114,157,588,341,184,1211,165,14.093357271095153,12.173230706209516,16.260279014666857,26.727272727272727,26.27118644067797,14.175654853620955,12.095531587057014,55.04545454545454,12.711864406779661
CPU,ead/package_default,ead,package_default,10,2200,1298,1298,449,585,449,0,594,822,34.591679506933744,32.05282631589945,37.22146942023312,26.590909090909093,34.591679506933744,0.0,34.591679506933744,27.0,63.32819722650231
CPU,ead/package_default,ead,package_default,20,2200,1298,1298,713,866,713,0,1002,426,54.930662557781204,52.2132044769744,57.6190208874632,39.36363636363636,54.930662557781204,0.0,54.930662557781204,45.54545454545455,32.81972265023113
CPU,ead/package_default,ead,package_default,30,2200,1298,1298,803,941,803,0,1101,307,61.86440677966102,59.19062997407233,64.46816230910561,42.77272727272727,61.86440677966102,0.0,61.86440677966102,50.04545454545455,23.651771956856702
CPU,ead/package_default,ead,package_default,40,2200,1298,1298,892,1009,892,0,1211,165,68.7211093990755,66.14672591744302,71.1850047631559,45.86363636363636,68.7211093990755,0.0,68.7211093990755,55.04545454545454,12.711864406779661
NPU,fgsm/eps0.005,fgsm,eps0.005,10,2200,1202,179,57,532,410,1023,533,793,31.843575418994412,25.461500802011916,38.98860245676508,24.181818181818183,34.109816971713805,85.108153078203,-50.9983361064892,24.227272727272727,65.97337770382696
NPU,fgsm/eps0.005,fgsm,eps0.005,20,2200,1202,179,59,910,761,1023,946,401,32.960893854748605,26.495809418573568,40.14197979350945,41.36363636363637,63.311148086522465,85.108153078203,-21.797004991680538,43.0,33.36106489184692
NPU,fgsm/eps0.005,fgsm,eps0.005,30,2200,1202,179,56,998,861,1023,1029,296,31.28491620111732,24.94597408935825,38.41028619276573,45.36363636363636,71.630615640599,85.108153078203,-13.477537437604,46.77272727272727,24.625623960066555
NPU,fgsm/eps0.005,fgsm,eps0.005,40,2200,1202,179,65,1080,972,1023,1137,159,36.312849162011176,29.623822291446,43.57702478055512,49.09090909090909,80.86522462562395,85.108153078203,-4.242928452579051,51.68181818181819,13.227953410981696
NPU,fgsm/eps0.01,fgsm,eps0.01,10,2200,1202,336,102,520,398,866,533,793,30.357142857142854,25.68552445893948,35.47285050163037,23.636363636363637,33.11148086522462,72.04658901830283,-38.935108153078204,24.227272727272727,65.97337770382696
NPU,fgsm/eps0.01,fgsm,eps0.01,20,2200,1202,336,101,833,692,866,946,401,30.059523809523807,25.404740900746624,35.16512458952883,37.86363636363637,57.570715474209656,72.04658901830283,-14.475873544093169,43.0,33.36106489184692
NPU,fgsm/eps0.01,fgsm,eps0.01,30,2200,1202,336,103,925,785,866,1029,296,30.654761904761905,25.96654674424512,35.780337686619134,42.04545454545455,65.30782029950083,72.04658901830283,-6.7387687188019925,46.77272727272727,24.625623960066555
NPU,fgsm/eps0.01,fgsm,eps0.01,40,2200,1202,336,108,1007,876,866,1137,159,32.142857142857146,27.375173536760283,37.31425824557596,45.77272727272727,72.87853577371048,72.04658901830283,0.8319467554076567,51.68181818181819,13.227953410981696
NPU,fgsm/eps0.03,fgsm,eps0.03,10,2200,1202,703,153,503,379,499,533,793,21.763869132290186,18.87140800916898,24.96325027919436,22.863636363636363,31.530782029950082,41.514143094841934,-9.983361064891852,24.227272727272727,65.97337770382696
NPU,fgsm/eps0.03,fgsm,eps0.03,20,2200,1202,703,96,638,490,499,946,401,13.655761024182079,11.314141161270257,16.392434116698677,28.999999999999996,40.765391014975044,41.514143094841934,-0.7487520798668896,43.0,33.36106489184692
NPU,fgsm/eps0.03,fgsm,eps0.03,30,2200,1202,703,97,676,522,499,1029,296,13.79800853485064,11.444655115328917,16.544868987383772,30.727272727272727,43.427620632279535,41.514143094841934,1.9134775374376005,46.77272727272727,24.625623960066555
NPU,fgsm/eps0.03,fgsm,eps0.03,40,2200,1202,703,86,697,550,499,1137,159,12.233285917496444,10.01420273117071,14.862884299360601,31.681818181818183,45.75707154742096,41.514143094841934,4.242928452579029,51.68181818181819,13.227953410981696
NPU,fgsm/eps0.05,fgsm,eps0.05,10,2200,1202,863,153,497,369,339,533,793,17.72885283893395,15.325412714710243,20.418326395180188,22.590909090909093,30.69883527454243,28.20299500831947,2.4958402662229595,24.227272727272727,65.97337770382696
NPU,fgsm/eps0.05,fgsm,eps0.05,20,2200,1202,863,90,530,386,339,946,401,10.428736964078796,8.561927563041529,12.646283948727172,24.09090909090909,32.11314475873544,28.20299500831947,3.910149750415968,43.0,33.36106489184692
NPU,fgsm/eps0.05,fgsm,eps0.05,30,2200,1202,863,78,518,383,339,1029,296,9.038238702201621,7.302369880865813,11.137169707451129,23.545454545454543,31.863560732113143,28.20299500831947,3.660565723793674,46.77272727272727,24.625623960066555
NPU,fgsm/eps0.05,fgsm,eps0.05,40,2200,1202,863,44,498,357,339,1137,159,5.098493626882966,3.819679956185763,6.775289182351198,22.636363636363637,29.700499168053245,28.20299500831947,1.4975041597337757,51.68181818181819,13.227953410981696
NPU,bim/eps0.03_default,bim,eps0.03_default,10,2200,1202,841,170,514,384,361,533,793,20.214030915576693,17.638027409387572,23.060915445699106,23.363636363636363,31.94675540765391,30.033277870216306,1.913477537437604,24.227272727272727,65.97337770382696
NPU,bim/eps0.03_default,bim,eps0.03_default,20,2200,1202,841,125,590,457,361,946,401,14.863258026159334,12.618969928874352,17.427088409162035,26.81818181818182,38.01996672212978,30.033277870216306,7.986688851913474,43.0,33.36106489184692
NPU,bim/eps0.03_default,bim,eps0.03_default,30,2200,1202,841,116,606,456,361,1029,296,13.793103448275861,11.62666536561557,16.28881606901075,27.545454545454547,37.93677204658902,30.033277870216306,7.903494176372714,46.77272727272727,24.625623960066555
NPU,bim/eps0.03_default,bim,eps0.03_default,40,2200,1202,841,102,591,451,361,1137,159,12.128418549346016,10.092521452416287,14.508729243572166,26.863636363636363,37.52079866888519,30.033277870216306,7.487520798668886,51.68181818181819,13.227953410981696
NPU,pgd/eps0.005,pgd,eps0.005,10,2200,1202,192,57,536,411,1010,533,793,29.6875,23.67463379423492,36.49726022623876,24.363636363636363,34.19301164725457,84.02662229617304,-49.83361064891847,24.227272727272727,65.97337770382696
NPU,pgd/eps0.005,pgd,eps0.005,20,2200,1202,192,62,913,759,1010,946,401,32.29166666666667,26.080901782325256,39.197159671421026,41.5,63.14475873544093,84.02662229617304,-20.881863560732114,43.0,33.36106489184692
NPU,pgd/eps0.005,pgd,eps0.005,30,2200,1202,192,61,996,858,1010,1029,296,31.770833333333332,25.597786243346864,38.65904172374489,45.27272727272727,71.3810316139767,84.02662229617304,-12.645590682196342,46.77272727272727,24.625623960066555
NPU,pgd/eps0.005,pgd,eps0.005,40,2200,1202,192,69,1081,976,1010,1137,159,35.9375,29.487531058452767,42.939164801875165,49.13636363636364,81.19800332778702,84.02662229617304,-2.8286189683860243,51.68181818181819,13.227953410981696
NPU,pgd/eps0.01,pgd,eps0.01,10,2200,1202,387,111,514,396,815,533,793,28.68217054263566,24.402861561482197,33.380547369399274,23.363636363636363,32.945091514143094,67.80366056572379,-34.858569051580695,24.227272727272727,65.97337770382696
NPU,pgd/eps0.01,pgd,eps0.01,20,2200,1202,387,114,832,687,815,946,401,29.457364341085274,25.135394688700742,34.183163008330496,37.81818181818182,57.15474209650583,67.80366056572379,-10.64891846921796,43.0,33.36106489184692
NPU,pgd/eps0.01,pgd,eps0.01,30,2200,1202,387,121,917,771,815,1029,296,31.266149870801037,26.850617625899197,36.04995385881482,41.68181818181818,64.14309484193012,67.80366056572379,-3.660565723793667,46.77272727272727,24.625623960066555
NPU,pgd/eps0.01,pgd,eps0.01,40,2200,1202,387,129,994,858,815,1137,159,33.33333333333333,28.82070337032513,38.173598157454926,45.18181818181819,71.3810316139767,67.80366056572379,3.577371048252914,51.68181818181819,13.227953410981696
NPU,pgd/eps0.03,pgd,eps0.03,10,2200,1202,827,168,519,385,375,533,793,20.314389359129382,17.712379017507967,23.190917110177505,23.59090909090909,32.02995008319468,31.19800332778702,0.8319467554076567,24.227272727272727,65.97337770382696
NPU,pgd/eps0.03,pgd,eps0.03,20,2200,1202,827,121,602,463,375,946,401,14.631197097944376,12.385994549123817,17.20347232398413,27.363636363636363,38.519134775374376,31.19800332778702,7.321131447587355,43.0,33.36106489184692
NPU,pgd/eps0.03,pgd,eps0.03,30,2200,1202,827,114,595,464,375,1029,296,13.784764207980654,11.602073675325183,16.302354798164835,27.045454545454543,38.60232945091514,31.19800332778702,7.404326123128122,46.77272727272727,24.625623960066555
NPU,pgd/eps0.03,pgd,eps0.03,40,2200,1202,827,105,600,464,375,1137,159,12.696493349455865,10.598527484132823,15.139423046991283,27.27272727272727,38.60232945091514,31.19800332778702,7.404326123128122,51.68181818181819,13.227953410981696
NPU,mifgsm/eps0.03_default,mifgsm,eps0.03_default,10,2200,1202,824,164,511,377,378,533,793,19.902912621359224,17.31911849616971,22.766037891235808,23.227272727272727,31.36439267886855,31.44758735440932,-0.0831946755407671,24.227272727272727,65.97337770382696
NPU,mifgsm/eps0.03_default,mifgsm,eps0.03_default,20,2200,1202,824,109,597,446,378,946,401,13.228155339805825,11.084571460622623,15.713018803022019,27.136363636363637,37.10482529118136,31.44758735440932,5.657237936772045,43.0,33.36106489184692
NPU,mifgsm/eps0.03_default,mifgsm,eps0.03_default,30,2200,1202,824,108,619,460,378,1029,296,13.106796116504855,10.972714290213053,15.58328386209048,28.136363636363637,38.26955074875208,31.44758735440932,6.821963394342763,46.77272727272727,24.625623960066555
NPU,mifgsm/eps0.03_default,mifgsm,eps0.03_default,40,2200,1202,824,94,605,458,378,1137,159,11.407766990291263,9.413850295510944,13.759858298017097,27.500000000000004,38.10316139767055,31.44758735440932,6.655574043261229,51.68181818181819,13.227953410981696
NPU,difgsm/eps0.03_default,difgsm,eps0.03_default,10,2200,1202,782,145,504,376,420,533,793,18.542199488491047,15.974346288691695,21.417616671782778,22.90909090909091,31.281198003327788,34.94176372712147,-3.660565723793681,24.227272727272727,65.97337770382696
NPU,difgsm/eps0.03_default,difgsm,eps0.03_default,20,2200,1202,782,57,513,378,420,946,401,7.289002557544758,5.668284795494032,9.327307191491641,23.31818181818182,31.44758735440932,34.94176372712147,-3.4941763727121504,43.0,33.36106489184692
NPU,difgsm/eps0.03_default,difgsm,eps0.03_default,30,2200,1202,782,52,535,394,420,1029,296,6.649616368286446,5.106705420681623,8.616365488264913,24.31818181818182,32.77870216306156,34.94176372712147,-2.163061564059909,46.77272727272727,24.625623960066555
NPU,difgsm/eps0.03_default,difgsm,eps0.03_default,40,2200,1202,782,54,547,411,420,1137,159,6.905370843989769,5.330828519366175,8.901250820796012,24.863636363636363,34.19301164725457,34.94176372712147,-0.7487520798668967,51.68181818181819,13.227953410981696
NPU,vmifgsm/eps0.03_default,vmifgsm,eps0.03_default,10,2200,1202,825,164,513,380,377,533,793,19.87878787878788,17.297816279195768,22.7389772408206,23.31818181818182,31.61397670549085,31.36439267886855,0.24958402662229773,24.227272727272727,65.97337770382696
NPU,vmifgsm/eps0.03_default,vmifgsm,eps0.03_default,20,2200,1202,825,111,591,451,377,946,401,13.454545454545455,11.294614827628623,15.953245318387216,26.863636363636363,37.52079866888519,31.36439267886855,6.156405990016641,43.0,33.36106489184692
NPU,vmifgsm/eps0.03_default,vmifgsm,eps0.03_default,30,2200,1202,825,96,597,446,377,1029,296,11.636363636363637,9.62388557260975,14.00446512793424,27.136363636363637,37.10482529118136,31.36439267886855,5.740432612312812,46.77272727272727,24.625623960066555
NPU,vmifgsm/eps0.03_default,vmifgsm,eps0.03_default,40,2200,1202,825,89,603,451,377,1137,159,10.787878787878787,8.849786964738007,13.089459327919117,27.40909090909091,37.52079866888519,31.36439267886855,6.156405990016641,51.68181818181819,13.227953410981696
NPU,vnifgsm/eps0.03_default,vnifgsm,eps0.03_default,10,2200,1202,825,168,517,385,377,533,793,20.363636363636363,17.755961684026744,23.246034354782118,23.5,32.02995008319468,31.36439267886855,0.6655574043261261,24.227272727272727,65.97337770382696
NPU,vnifgsm/eps0.03_default,vnifgsm,eps0.03_default,20,2200,1202,825,101,585,434,377,946,401,12.242424242424242,10.179078169310465,14.655775679724137,26.590909090909093,36.10648918469218,31.36439267886855,4.742096505823628,43.0,33.36106489184692
NPU,vnifgsm/eps0.03_default,vnifgsm,eps0.03_default,30,2200,1202,825,96,584,446,377,1029,296,11.636363636363637,9.62388557260975,14.00446512793424,26.545454545454543,37.10482529118136,31.36439267886855,5.740432612312812,46.77272727272727,24.625623960066555
NPU,vnifgsm/eps0.03_default,vnifgsm,eps0.03_default,40,2200,1202,825,80,581,439,377,1137,159,9.696969696969697,7.8605254356993655,11.90701518967465,26.40909090909091,36.52246256239601,31.36439267886855,5.158069883527457,51.68181818181819,13.227953410981696
NPU,rfgsm/eps0.03_default,rfgsm,eps0.03_default,10,2200,1202,841,177,524,389,361,533,793,21.046373365041617,18.426078291123904,23.929979933281714,23.81818181818182,32.36272878535774,30.033277870216306,2.3294509151414324,24.227272727272727,65.97337770382696
NPU,rfgsm/eps0.03_default,rfgsm,eps0.03_default,20,2200,1202,841,111,588,443,361,946,401,13.198573127229487,11.07736866939177,15.65445893000674,26.727272727272727,36.85524126455907,30.033277870216306,6.821963394342763,43.0,33.36106489184692
NPU,rfgsm/eps0.03_default,rfgsm,eps0.03_default,30,2200,1202,841,113,596,456,361,1029,296,13.436385255648037,11.296909934691469,15.908379198798167,27.090909090909093,37.93677204658902,30.033277870216306,7.903494176372714,46.77272727272727,24.625623960066555
NPU,rfgsm/eps0.03_default,rfgsm,eps0.03_default,40,2200,1202,841,97,587,448,361,1137,159,11.533888228299643,9.547713140746037,13.86988372001461,26.681818181818183,37.2712146422629,30.033277870216306,7.2379367720465915,51.68181818181819,13.227953410981696
NPU,tpgd/eps0.03_default,tpgd,eps0.03_default,10,2200,1202,519,98,549,405,683,533,793,18.88246628131021,15.748590185498996,22.47361707574418,24.954545454545453,33.693843594009984,56.82196339434277,-23.128119800332783,24.227272727272727,65.97337770382696
NPU,tpgd/eps0.03_default,tpgd,eps0.03_default,20,2200,1202,519,66,773,625,683,946,401,12.716763005780345,10.121814589669304,15.859591633553944,35.13636363636364,51.99667221297837,56.82196339434277,-4.825291181364399,43.0,33.36106489184692
NPU,tpgd/eps0.03_default,tpgd,eps0.03_default,30,2200,1202,519,69,798,662,683,1029,296,13.294797687861271,10.641743452133282,16.48723786840433,36.27272727272727,55.074875207986686,56.82196339434277,-1.7470881863560805,46.77272727272727,24.625623960066555
NPU,tpgd/eps0.03_default,tpgd,eps0.03_default,40,2200,1202,519,58,814,696,683,1137,159,11.175337186897881,8.744929892186635,14.176276071531635,37.0,57.90349417637272,56.82196339434277,1.081530782029951,51.68181818181819,13.227953410981696
NPU,cw/c1_steps20_lr0.01,cw,c1_steps20_lr0.01,10,2200,1202,787,171,525,388,415,533,793,21.72808132147395,18.987883159353007,24.742947388761806,23.863636363636363,32.27953410981697,34.52579034941764,-2.246256239600669,24.227272727272727,65.97337770382696
NPU,cw/c1_steps20_lr0.01,cw,c1_steps20_lr0.01,20,2200,1202,787,236,697,552,415,946,401,29.987293519695047,26.889517352660164,33.27949752971324,31.681818181818183,45.92346089850249,34.52579034941764,11.39767054908485,43.0,33.36106489184692
NPU,cw/c1_steps20_lr0.01,cw,c1_steps20_lr0.01,30,2200,1202,787,268,721,592,415,1029,296,34.05336721728081,30.827080527391054,37.43457895030966,32.77272727272727,49.25124792013311,34.52579034941764,14.72545757071547,46.77272727272727,24.625623960066555
NPU,cw/c1_steps20_lr0.01,cw,c1_steps20_lr0.01,40,2200,1202,787,316,757,651,415,1137,159,40.15247776365947,36.783406302697486,43.61722006799419,34.409090909090914,54.15973377703827,34.52579034941764,19.63394342762063,51.68181818181819,13.227953410981696
NPU,deepfool/package_default,deepfool,package_default,10,2200,1202,625,187,530,399,577,533,793,29.92,26.46155430257971,33.623783563108574,24.09090909090909,33.19467554076539,48.00332778702163,-14.808652246256244,24.227272727272727,65.97337770382696
NPU,deepfool/package_default,deepfool,package_default,20,2200,1202,625,230,698,558,577,946,401,36.8,33.11041412815363,40.6508637516813,31.727272727272727,46.422628951747086,48.00332778702163,-1.5806988352745464,43.0,33.36106489184692
NPU,deepfool/package_default,deepfool,package_default,30,2200,1202,625,272,751,626,577,1029,296,43.519999999999996,39.6843349409742,47.43483783639931,34.13636363636364,52.079866888519135,48.00332778702163,4.076539101497502,46.77272727272727,24.625623960066555
NPU,deepfool/package_default,deepfool,package_default,40,2200,1202,625,310,797,689,577,1137,159,49.6,45.69455990215451,53.510327306325344,36.22727272727273,57.32113144758736,48.00332778702163,9.31780366056573,51.68181818181819,13.227953410981696
NPU,fab/eps0.005,fab,eps0.005,10,2200,1202,95,36,533,407,1107,533,793,37.89473684210527,28.789651358466834,47.940794121978655,24.227272727272727,33.86023294509151,92.09650582362728,-58.23627287853577,24.227272727272727,65.97337770382696
NPU,fab/eps0.005,fab,eps0.005,20,2200,1202,95,41,946,798,1107,946,401,43.15789473684211,33.6556700478959,53.19197304974721,43.0,66.38935108153078,92.09650582362728,-25.707154742096506,43.0,33.36106489184692
NPU,fab/eps0.005,fab,eps0.005,30,2200,1202,95,43,1021,888,1107,1029,296,45.26315789473684,35.63260915726527,55.26191298725689,46.409090909090914,73.87687188019967,92.09650582362728,-18.21963394342761,46.77272727272727,24.625623960066555
NPU,fab/eps0.005,fab,eps0.005,40,2200,1202,95,53,1119,1017,1107,1137,159,55.78947368421052,45.77091595596532,65.35800142295204,50.86363636363637,84.6089850249584,92.09650582362728,-7.487520798668882,51.68181818181819,13.227953410981696
NPU,fab/eps0.01,fab,eps0.01,10,2200,1202,208,78,535,405,994,533,793,37.5,31.20336227049124,44.24999533254802,24.31818181818182,33.693843594009984,82.6955074875208,-49.001663893510816,24.227272727272727,65.97337770382696
NPU,fab/eps0.01,fab,eps0.01,20,2200,1202,208,94,927,778,994,946,401,45.19230769230769,38.57693958718076,51.98204410629589,42.13636363636364,64.72545757071548,82.6955074875208,-17.970049916805323,43.0,33.36106489184692
NPU,fab/eps0.01,fab,eps0.01,30,2200,1202,208,105,996,862,994,1029,296,50.480769230769226,43.73917291885373,57.20492871179859,45.27272727272727,71.71381031613977,82.6955074875208,-10.981697171381029,46.77272727272727,24.625623960066555
NPU,fab/eps0.01,fab,eps0.01,40,2200,1202,208,128,1092,984,994,1137,159,61.53846153846154,54.774434134588205,67.88400500106788,49.63636363636363,81.86356073211314,82.6955074875208,-0.8319467554076567,51.68181818181819,13.227953410981696
NPU,fab/eps0.03,fab,eps0.03,10,2200,1202,464,135,528,402,738,533,793,29.094827586206897,25.147115772524554,33.38585778091746,24.0,33.44425956738768,61.39767054908486,-27.953410981697175,24.227272727272727,65.97337770382696
NPU,fab/eps0.03,fab,eps0.03,20,2200,1202,464,179,791,650,738,946,401,38.577586206896555,34.25937661081787,43.08338213487726,35.95454545454545,54.0765391014975,61.39767054908486,-7.321131447587355,43.0,33.36106489184692
NPU,fab/eps0.03,fab,eps0.03,30,2200,1202,464,225,860,720,738,1029,296,48.491379310344826,43.97499456371092,53.032539610248804,39.09090909090909,59.900166389351085,61.39767054908486,-1.4975041597337722,46.77272727272727,24.625623960066555
NPU,fab/eps0.03,fab,eps0.03,40,2200,1202,464,265,911,801,738,1137,159,57.11206896551724,52.5685401660356,61.53879872815422,41.40909090909091,66.63893510815308,61.39767054908486,5.24126455906822,51.68181818181819,13.227953410981696
NPU,square/eps0.03_default,square,eps0.03_default,10,2200,1202,681,149,515,395,521,533,793,21.879588839941263,18.936873012639328,25.13778600340175,23.40909090909091,32.86189683860233,43.34442595673877,-10.48252911813644,24.227272727272727,65.97337770382696
NPU,square/eps0.03_default,square,eps0.03_default,20,2200,1202,681,159,643,531,521,946,401,23.348017621145374,20.325539788582343,26.669502568657627,29.22727272727273,44.176372712146424,43.34442595673877,0.8319467554076567,43.0,33.36106489184692
NPU,square/eps0.03_default,square,eps0.03_default,30,2200,1202,681,182,685,565,521,1029,296,26.725403817914835,23.539030186638342,30.172893855359106,31.136363636363633,47.00499168053245,43.34442595673877,3.660565723793681,46.77272727272727,24.625623960066555
NPU,square/eps0.03_default,square,eps0.03_default,40,2200,1202,681,200,701,597,521,1137,159,29.368575624082233,26.071189559713087,32.897424496442376,31.863636363636367,49.66722129783694,43.34442595673877,6.322795341098171,51.68181818181819,13.227953410981696
NPU,apgd/eps0.03_default,apgd,eps0.03_default,10,2200,1202,843,170,515,390,359,533,793,20.166073546856463,17.595564254397814,23.0072592252234,23.40909090909091,32.4459234608985,29.866888519134775,2.579034941763723,24.227272727272727,65.97337770382696
NPU,apgd/eps0.03_default,apgd,eps0.03_default,20,2200,1202,843,106,589,452,359,946,401,12.574139976275209,10.50434316052994,14.983493053468056,26.77272727272727,37.60399334442596,29.866888519134775,7.737104825291183,43.0,33.36106489184692
NPU,apgd/eps0.03_default,apgd,eps0.03_default,30,2200,1202,843,117,612,464,359,1029,296,13.87900355871886,11.70853765634147,16.377186993935513,27.81818181818182,38.60232945091514,29.866888519134775,8.735440931780367,46.77272727272727,24.625623960066555
NPU,apgd/eps0.03_default,apgd,eps0.03_default,40,2200,1202,843,101,589,455,359,1137,159,11.981020166073547,9.959491790283998,14.347486043587176,26.77272727272727,37.85357737104825,29.866888519134775,7.9866888519134775,51.68181818181819,13.227953410981696
NPU,apgdt/eps0.03_default,apgdt,eps0.03_default,10,2200,1202,852,164,516,389,350,533,793,19.248826291079812,16.74184374301919,22.031873262557543,23.454545454545457,32.36272878535774,29.11813643926789,3.244592346089849,24.227272727272727,65.97337770382696
NPU,apgdt/eps0.03_default,apgdt,eps0.03_default,20,2200,1202,852,127,605,463,350,946,401,14.906103286384976,12.672323521793928,17.454933671593253,27.500000000000004,38.519134775374376,29.11813643926789,9.400998336106486,43.0,33.36106489184692
NPU,apgdt/eps0.03_default,apgdt,eps0.03_default,30,2200,1202,852,128,613,465,350,1029,296,15.023474178403756,12.781495742525156,17.57944955389418,27.863636363636363,38.6855241264559,29.11813643926789,9.567387687188013,46.77272727272727,24.625623960066555
NPU,apgdt/eps0.03_default,apgdt,eps0.03_default,40,2200,1202,852,145,634,486,350,1137,159,17.018779342723008,14.6447177695118,19.688925278454082,28.81818181818182,40.432612312811976,29.11813643926789,11.314475873544087,51.68181818181819,13.227953410981696
NPU,autoattack/eps0.03_standard,autoattack,eps0.03_standard,10,2200,1202,869,174,518,391,333,533,793,20.02301495972382,17.49685178388062,22.813050952194285,23.545454545454543,32.529118136439266,27.703826955074874,4.825291181364392,24.227272727272727,65.97337770382696
NPU,autoattack/eps0.03_standard,autoattack,eps0.03_standard,20,2200,1202,869,119,582,441,333,946,401,13.693901035673187,11.567378878018523,16.140008120951272,26.454545454545453,36.688851913477535,27.703826955074874,8.985024958402661,43.0,33.36106489184692
NPU,autoattack/eps0.03_standard,autoattack,eps0.03_standard,30,2200,1202,869,123,586,446,333,1029,296,14.154200230149597,11.99404458849377,16.629889009538218,26.636363636363637,37.10482529118136,27.703826955074874,9.40099833610649,46.77272727272727,24.625623960066555
NPU,autoattack/eps0.03_standard,autoattack,eps0.03_standard,40,2200,1202,869,110,582,435,333,1137,159,12.658227848101266,10.610564636538308,15.03459251454157,26.454545454545453,36.18968386023295,27.703826955074874,8.485856905158073,51.68181818181819,13.227953410981696
NPU,ead/package_default,ead,package_default,10,2200,1202,532,155,527,402,670,533,793,29.135338345864664,25.43465686274553,33.13518915144971,23.954545454545453,33.44425956738768,55.74043261231281,-22.296173044925126,24.227272727272727,65.97337770382696
NPU,ead/package_default,ead,package_default,20,2200,1202,532,234,782,638,670,946,401,43.984962406015036,39.82503020401134,48.23114161990079,35.54545454545455,53.07820299500832,55.74043261231281,-2.66222961730449,43.0,33.36106489184692
NPU,ead/package_default,ead,package_default,30,2200,1202,532,275,862,729,670,1029,296,51.691729323308266,47.44842651546652,55.910775159058176,39.18181818181819,60.648918469217975,55.74043261231281,4.908485856905166,46.77272727272727,24.625623960066555
NPU,ead/package_default,ead,package_default,40,2200,1202,532,333,921,819,670,1137,159,62.59398496240601,58.40561624049655,66.6017740031874,41.86363636363637,68.13643926788686,55.74043261231281,12.396006655574048,51.68181818181819,13.227953410981696
