舊項目,原始要求（docs/PROJECT_STATUS.md Part 2 §4 與 docs/formal_experiment_matrix.csv）,後續 evidence,判定,理由
Phase 3 true 11-modulation × 20-SNR full sweep,"matrix phase=3,tier=full：11 調變 × 20 SNR × FGSM／PGD ε ∈ {0.01,0.03,0.05,0.1,0.3} + CW，N=5；狀態 designed_not_run_optional","0921 CPU／Hailo full matrix（configs/hailo_full_matrix.json）：11 調變 × 20 SNR × N=10，17 種攻擊 24 profile；FGSM ε ∈ {0.005,0.01,0.03,0.05}、PGD ε ∈ {0.005,0.01,0.03}，不含 ε 0.1／0.3",B,研究問題（全調變 × 全 SNR 之攻擊效果）已由 0921 full matrix 以不同的 profile 設計執行；原設計之 ε 0.1／0.3 未涵蓋，但原項目本身標示為 optional，未見要求補齊該 ε 網格之規劃
Phase 4 quick tier,matrix phase=4 tier=quick：作為投入 reduced tier 前的初步檢視；designed_not_run,Phase 4 reduced tier（round 22）與 full-N 正式執行（round 27）已完成（formal_experiment_matrix.csv 同列狀態）；0921 另有固定 K 正式結果,B,其用途為 reduced tier 之前的先行檢視；reduced 與 full-N 已執行，此 tier 不再適用
Phase 5 optional 11-modulation sensing-sensitivity expansion,matrix phase=5 tier=elective_expansion：僅在審查或論文範圍需要時執行；designed_not_run_optional,0921 報告與本次 evidence 均無 sensing 參數敏感度實驗；未見觸發條件成立之紀錄,D,原項目為條件式 optional；目前證據不足以判定其觸發條件是否成立或是否仍屬目前研究計畫
Phase 6 multi-burst extension,matrix phase=6：2-burst 場景下攻擊與 Top-K 之行為；designed_not_run；Part 2 §6 註明「if multi-burst scenes are in the paper's scope」,0921 與本次 evidence 均為 num_bursts=1 之單 burst 設定；無 multi-burst 結果,D,原規劃即以論文範圍為前提；目前證據不足以判定 multi-burst 是否屬目前研究計畫
Non-oracle attack-identity／modulation detector,讓 Phase 4 oracle 條件之 Top-K 發現可部署；Part 2 §4 註明 explicitly out of scope,PROJECT_STATUS Part 1 §16 列為 Future Extension；本次 Adaptive-K v2 依頻譜特徵選擇 K，並非攻擊或調變辨識器,B,後續之 Part 1 §16／§17 已將其列為 project-close 範圍外之 future extension；本次 evidence 亦無此類 detector 之規劃
adaptive_k_defense／adaptive_k_v2_defense 未接入 TopKAdapter,Part 2 §4 Not implemented,本次 parity、CPU effectiveness、Hailo 配對與正式延遲皆直接呼叫 production 函式；本機 src/adapters/topk_adapter.py 仍註明 not wired yet；src/utils/pipeline.py 未接入,C,演算法與實驗驗證已完成，但 main pipeline 整合仍未完成；已列於 meeting_report §11「部分完成／待收尾」第 3 點
--checkpoint alternates（2016.10b、2018.01a）,Part 2 §4 Not implemented；Part 2 §5 註明 out of scope throughout,Part 1 §16 將 RadioML2018.01A 遷移列為 future extension；0921 與本次 evidence 皆使用 2016.10a checkpoint,B,後續文件已將其列為 project-close 範圍外之 future extension；目前研究皆以 2016.10a 為對象
device=cuda path,Part 2 §4 Not implemented（無 GPU）,目前部署平台為 Raspberry Pi 5 CPU 與 Hailo-8（0921 報告與本次 evidence）,B,目前研究平台不含 GPU，此路徑不適用
Real modulation waveform synthesis,Part 2 §4 Not implemented（原 README PoC 範圍）,Pi 端 working tree 有 experiments/run_waveform_calibration*.py（untracked，見本次 manifest git_status_summary），本機 repository 與本次 bundle 無對應結果,D,腳本存在但無結果與規劃文件，目前證據不足以判定其與原項目之關係及完成狀態
Segmentation overlap／hop-size,Part 2 §4 Not implemented,configs/hailo_full_matrix.json 含 segment_hop = 1；本次 manifest 之 sensing_parameters 記錄 hop 來源為 config.sensing.segment_hop,A,hop-size 參數已實作並用於 0921 起之正式設定；本判定僅限參數存在與使用，不涵蓋其他 hop 值之驗證
Sample-rate concept,Part 2 §4 Not implemented,src/io/iq_file_source.py 與 src/channel/satellite_like.py 已具 sample_rate 參數,A,sample_rate 已於 .cfile 讀取與 satellite-like 通道模擬中實作；本判定僅限參數層級
GNU Radio ZMQ streaming／USRP hardware path,Part 2 §4 Not implemented,Part 1 §15 至 §17 列為 NOT_IMPLEMENTED／outside project-close scope 與 future extension,B,後續文件已明列為範圍外之 future extension；本次 evidence 亦無相關規劃
WBFM 低 clean accuracy／QAM16 direct-sensed agreement 之根因,Part 2 §4 Not implemented；Part 2 §6 註明「if the paper's scope requires explaining them」,0921 報告記錄 WBFM clean accuracy CPU 14.0%、NPU 9.5%，未做根因分析；本次 evidence 無相關實驗,D,現象仍存在，但原規劃以論文範圍為前提；目前證據不足以判定是否屬目前研究計畫
FGSM ε=0.1 success-rate dip 之機制,Part 2 §4 Not yet verified,0921 full matrix 與本次 evidence 皆不含 FGSM ε=0.1,D,後續實驗未涵蓋 ε=0.1；目前證據不足以判定此項是否仍屬目前研究計畫
BPSK 之 CW 特定攻擊抗性,Part 2 §4 Not yet verified,0921 報告未針對 BPSK × CW 做根因分析；本次 evidence 無相關實驗,D,未見後續實驗或規劃；目前證據不足以判定
AWN_All.py normalization 對 Top-K 效果之 ablation,Part 2 §4 Not yet verified；Part 2 §6 註明僅在有意更改 TopKAdapter 用法時才值得進行,本次 Adaptive-K parity manifest 註明輸入 domain 為 unit-average-power IQ、未使用 AWN_All normalization，與既有固定 K 相同,D,原規劃為條件式；未見更改 TopKAdapter normalization 之規劃，目前證據不足以判定其是否仍需執行
